날짜,카테고리,제품명,수량,단가,금액
2023-01-01,육류,오리고기,8,12964,103712
2023-01-01,수산물,참치,3,5426,16278
2023-01-01,유제품,크림,4,17023,68092
2023-01-01,유제품,크림,2,3433,6866
2023-01-01,육류,오리고기,1,7396,7396
2023-01-01,육류,소고기,1,9666,9666
2023-01-01,유제품,요거트,3,2899,8697
2023-01-01,육류,소고기,3,4556,13668
2023-01-01,유제품,크림,9,15502,139518
2023-01-01,채소,토마토,9,11555,103995
2023-01-01,채소,감자,9,3612,32508
2023-01-01,채소,토마토,7,16787,117509
2023-01-01,수산물,새우,1,2585,2585
2023-01-01,육류,돼지고기,6,11805,70830
2023-01-01,채소,토마토,6,10692,64152
2023-01-01,채소,감자,2,5297,10594
2023-01-02,육류,소고기,8,9529,76232
2023-01-02,수산물,참치,9,7331,65979
2023-01-02,육류,오리고기,9,6276,56484
2023-01-02,수산물,연어,9,9006,81054
2023-01-02,과일,사과,8,16422,131376
2023-01-02,유제품,치즈,1,1391,1391
2023-01-02,유제품,치즈,1,13666,13666
2023-01-02,수산물,참치,7,7184,50288
2023-01-02,육류,소고기,8,14067,112536
2023-01-02,채소,양파,7,3454,24178
2023-01-02,수산물,새우,8,11965,95720
2023-01-02,유제품,치즈,1,15948,15948
2023-01-02,유제품,우유,5,1502,7510
2023-01-03,유제품,우유,10,18868,188680
2023-01-03,유제품,우유,4,13383,53532
2023-01-03,육류,오리고기,7,7374,51618
2023-01-03,수산물,새우,4,17198,68792
2023-01-03,유제품,치즈,6,11817,70902
2023-01-03,채소,오이,9,12252,110268
2023-01-03,육류,양고기,4,17157,68628
2023-01-03,유제품,요거트,7,16707,116949
2023-01-03,과일,망고,1,2306,2306
2023-01-03,과일,딸기,9,10474,94266
2023-01-03,유제품,우유,5,14545,72725
2023-01-03,육류,닭고기,6,18879,113274
2023-01-03,과일,딸기,1,19237,19237
2023-01-03,과일,바나나,4,18675,74700
2023-01-03,채소,당근,1,2636,2636
2023-01-03,과일,사과,1,5737,5737
2023-01-04,수산물,연어,1,14949,14949
2023-01-04,채소,오이,10,6791,67910
2023-01-04,육류,닭고기,8,13688,109504
2023-01-04,수산물,오징어,2,1197,2394
2023-01-04,유제품,우유,9,10339,93051
2023-01-04,유제품,크림,3,18043,54129
2023-01-04,육류,닭고기,4,7546,30184
2023-01-04,채소,당근,3,12411,37233
2023-01-04,육류,소고기,1,19343,19343
2023-01-04,채소,양파,9,7616,68544
2023-01-04,채소,시금치,10,17646,176460
2023-01-04,육류,돼지고기,9,17371,156339
2023-01-04,육류,소고기,2,6423,12846
2023-01-04,육류,오리고기,5,8158,40790
2023-01-04,과일,사과,3,10874,32622
2023-01-05,육류,소고기,8,13874,110992
2023-01-05,과일,딸기,6,16586,99516
2023-01-05,과일,오렌지,9,15172,136548
2023-01-05,채소,상추,2,12969,25938
2023-01-05,유제품,크림,9,6699,60291
2023-01-05,과일,키위,5,4987,24935
2023-01-05,유제품,우유,1,5555,5555
2023-01-05,유제품,치즈,6,18429,110574
2023-01-05,수산물,새우,6,6895,41370
2023-01-05,유제품,치즈,2,16636,33272
2023-01-05,과일,딸기,1,8996,8996
2023-01-05,유제품,버터,3,12312,36936
2023-01-06,육류,양고기,5,11757,58785
2023-01-06,유제품,버터,9,2060,18540
2023-01-06,수산물,연어,5,17990,89950
2023-01-06,유제품,버터,1,1190,1190
2023-01-06,수산물,조개,7,18568,129976
2023-01-06,유제품,요거트,9,1569,14121
2023-01-06,유제품,요거트,6,19070,114420
2023-01-06,채소,시금치,10,2409,24090
2023-01-06,채소,양파,8,9096,72768
2023-01-06,과일,오렌지,6,8343,50058
2023-01-07,수산물,참치,7,17921,125447
2023-01-07,유제품,요거트,9,11647,104823
2023-01-07,수산물,오징어,10,13323,133230
2023-01-07,수산물,오징어,1,13039,13039
2023-01-07,육류,닭고기,7,14403,100821
2023-01-07,채소,감자,7,1853,12971
2023-01-07,유제품,우유,10,17958,179580
2023-01-07,수산물,게,10,10907,109070
2023-01-07,채소,상추,6,16338,98028
2023-01-07,육류,오리고기,1,15599,15599
2023-01-07,수산물,오징어,5,1876,9380
2023-01-07,육류,닭고기,7,8079,56553
2023-01-07,육류,오리고기,2,18019,36038
2023-01-07,채소,상추,3,9311,27933
2023-01-07,유제품,버터,10,15262,152620
2023-01-07,채소,오이,10,9308,93080
2023-01-08,과일,딸기,5,19048,95240
2023-01-08,채소,감자,1,14407,14407
2023-01-08,과일,포도,5,14184,70920
2023-01-08,수산물,조개,6,9130,54780
2023-01-08,육류,돼지고기,3,14284,42852
2023-01-08,과일,포도,5,12310,61550
2023-01-08,과일,키위,4,12151,48604
2023-01-08,채소,감자,5,5452,27260
2023-01-08,채소,감자,6,3849,23094
2023-01-08,육류,돼지고기,10,12922,129220
2023-01-08,채소,양파,8,10540,84320
2023-01-08,수산물,오징어,8,6878,55024
2023-01-08,채소,양파,4,19071,76284
2023-01-08,육류,돼지고기,3,3427,10281
2023-01-08,과일,사과,3,6387,19161
2023-01-08,유제품,우유,1,14479,14479
2023-01-09,유제품,버터,2,3082,6164
2023-01-09,과일,바나나,8,17281,138248
2023-01-09,채소,감자,2,9808,19616
2023-01-09,육류,돼지고기,5,6745,33725
2023-01-09,수산물,새우,8,8587,68696
2023-01-09,과일,포도,9,12657,113913
2023-01-09,수산물,연어,8,15527,124216
2023-01-09,유제품,우유,3,18955,56865
2023-01-09,채소,양파,7,3143,22001
2023-01-09,수산물,오징어,1,6644,6644
2023-01-09,과일,오렌지,9,14584,131256
2023-01-09,과일,키위,4,15191,60764
2023-01-09,과일,키위,3,15512,46536
2023-01-09,육류,양고기,9,5171,46539
2023-01-09,과일,망고,4,6486,25944
2023-01-09,수산물,조개,3,5491,16473
2023-01-09,과일,딸기,5,8651,43255
2023-01-09,수산물,연어,7,19540,136780
2023-01-09,수산물,참치,10,12174,121740
2023-01-10,수산물,새우,7,9924,69468
2023-01-10,유제품,치즈,2,5846,11692
2023-01-10,육류,소고기,10,18337,183370
2023-01-10,육류,소고기,6,2542,15252
2023-01-10,수산물,참치,9,18924,170316
2023-01-10,수산물,조개,6,14807,88842
2023-01-10,수산물,연어,6,9691,58146
2023-01-10,과일,망고,7,5312,37184
2023-01-10,수산물,오징어,4,4141,16564
2023-01-10,육류,닭고기,6,16485,98910
2023-01-10,유제품,크림,2,10435,20870
2023-01-10,채소,토마토,8,14116,112928
2023-01-10,과일,망고,1,7530,7530
2023-01-10,수산물,오징어,9,2214,19926
2023-01-10,육류,소고기,9,1823,16407
2023-01-10,과일,키위,5,17517,87585
2023-01-10,채소,토마토,5,12003,60015
2023-01-10,수산물,오징어,3,14843,44529
2023-01-10,과일,바나나,9,6645,59805
2023-01-11,수산물,게,6,4330,25980
2023-01-11,과일,오렌지,10,11975,119750
2023-01-11,육류,양고기,5,10337,51685
2023-01-11,육류,양고기,10,4719,47190
2023-01-11,채소,토마토,2,1539,3078
2023-01-11,육류,오리고기,9,5835,52515
2023-01-11,유제품,우유,9,14216,127944
2023-01-11,수산물,오징어,3,13677,41031
2023-01-11,채소,당근,5,19222,96110
2023-01-11,과일,바나나,10,6124,61240
2023-01-12,과일,키위,1,3193,3193
2023-01-12,과일,오렌지,5,5158,25790
2023-01-12,과일,키위,1,14772,14772
2023-01-12,과일,바나나,9,8266,74394
2023-01-12,과일,포도,7,13763,96341
2023-01-12,과일,포도,5,6989,34945
2023-01-12,유제품,크림,7,4636,32452
2023-01-12,수산물,참치,10,14456,144560
2023-01-12,수산물,게,9,6997,62973
2023-01-12,과일,오렌지,4,5544,22176
2023-01-12,과일,바나나,8,15489,123912
2023-01-12,채소,감자,6,11357,68142
2023-01-12,유제품,치즈,2,5363,10726
2023-01-12,과일,키위,5,5858,29290
2023-01-12,과일,사과,7,12470,87290
2023-01-12,수산물,조개,2,16781,33562
2023-01-13,채소,감자,2,7941,15882
2023-01-13,유제품,치즈,2,18715,37430
2023-01-13,과일,키위,1,10550,10550
2023-01-13,육류,돼지고기,3,11320,33960
2023-01-13,수산물,조개,4,17521,70084
2023-01-13,과일,바나나,1,5164,5164
2023-01-13,채소,상추,5,6569,32845
2023-01-13,수산물,게,3,7254,21762
2023-01-13,과일,망고,7,16183,113281
2023-01-13,유제품,버터,8,10911,87288
2023-01-13,과일,오렌지,3,1666,4998
2023-01-14,수산물,참치,3,13891,41673
2023-01-14,채소,오이,6,14716,88296
2023-01-14,과일,포도,9,17907,161163
2023-01-14,채소,상추,2,11160,22320
2023-01-14,채소,오이,9,11488,103392
2023-01-14,과일,키위,8,13394,107152
2023-01-14,수산물,연어,10,14568,145680
2023-01-14,과일,오렌지,4,1302,5208
2023-01-14,채소,토마토,7,3125,21875
2023-01-14,채소,오이,10,5621,56210
2023-01-14,유제품,치즈,7,6122,42854
2023-01-15,유제품,버터,2,8673,17346
2023-01-15,유제품,치즈,9,6750,60750
2023-01-15,수산물,오징어,10,2062,20620
2023-01-15,과일,사과,7,7229,50603
2023-01-15,채소,상추,9,7288,65592
2023-01-15,수산물,오징어,9,10795,97155
2023-01-15,채소,당근,9,7371,66339
2023-01-15,채소,시금치,8,13199,105592
2023-01-15,과일,딸기,3,16913,50739
2023-01-15,과일,포도,6,16679,100074
2023-01-15,채소,당근,8,11554,92432
2023-01-15,수산물,게,5,18844,94220
2023-01-15,수산물,게,6,6622,39732
2023-01-15,육류,닭고기,8,14046,112368
2023-01-15,유제품,치즈,8,5324,42592
2023-01-15,육류,돼지고기,4,15043,60172
2023-01-16,육류,소고기,8,15309,122472
2023-01-16,유제품,우유,2,1846,3692
2023-01-16,유제품,요거트,3,7469,22407
2023-01-16,채소,상추,4,17608,70432
2023-01-16,육류,소고기,1,7233,7233
2023-01-16,수산물,게,4,7988,31952
2023-01-16,유제품,치즈,1,13977,13977
2023-01-16,채소,오이,7,10865,76055
2023-01-16,육류,돼지고기,8,2619,20952
2023-01-16,과일,망고,5,11568,57840
2023-01-16,과일,사과,8,4490,35920
2023-01-16,과일,포도,2,2908,5816
2023-01-16,유제품,우유,2,9162,18324
2023-01-16,유제품,우유,8,4391,35128
2023-01-16,육류,오리고기,8,10064,80512
2023-01-16,수산물,게,3,16524,49572
2023-01-16,수산물,새우,10,17984,179840
2023-01-16,수산물,참치,9,11535,103815
2023-01-16,유제품,크림,6,6984,41904
2023-01-16,과일,사과,1,2248,2248
2023-01-17,채소,상추,5,4687,23435
2023-01-17,유제품,치즈,6,18586,111516
2023-01-17,채소,토마토,1,10446,10446
2023-01-17,유제품,버터,6,2120,12720
2023-01-17,수산물,조개,7,3336,23352
2023-01-17,육류,돼지고기,10,5612,56120
2023-01-17,유제품,요거트,1,14429,14429
2023-01-17,수산물,오징어,8,8863,70904
2023-01-17,수산물,조개,4,3891,15564
2023-01-17,수산물,참치,3,7898,23694
2023-01-17,육류,양고기,10,3116,31160
2023-01-17,육류,닭고기,10,12111,121110
2023-01-17,채소,상추,10,11380,113800
2023-01-17,채소,양파,1,1827,1827
2023-01-17,유제품,버터,4,16343,65372
2023-01-17,육류,오리고기,8,6959,55672
2023-01-18,과일,딸기,10,8196,81960
2023-01-18,과일,키위,7,2792,19544
2023-01-18,수산물,조개,10,2645,26450
2023-01-18,육류,소고기,1,2854,2854
2023-01-18,유제품,크림,9,10524,94716
2023-01-18,과일,바나나,4,7456,29824
2023-01-18,수산물,참치,9,8970,80730
2023-01-18,육류,소고기,10,11314,113140
2023-01-18,채소,시금치,2,9666,19332
2023-01-18,채소,당근,1,7783,7783
2023-01-18,유제품,치즈,3,18589,55767
2023-01-18,과일,망고,4,13997,55988
2023-01-18,수산물,연어,1,5380,5380
2023-01-18,유제품,요거트,2,6588,13176
2023-01-18,과일,망고,1,14395,14395
2023-01-18,과일,사과,4,10916,43664
2023-01-18,과일,망고,1,2759,2759
2023-01-18,수산물,게,7,3482,24374
2023-01-18,유제품,치즈,1,10692,10692
2023-01-19,유제품,요거트,1,6490,6490
2023-01-19,채소,감자,6,6232,37392
2023-01-19,채소,상추,6,13342,80052
2023-01-19,유제품,요거트,10,11093,110930
2023-01-19,채소,토마토,1,15422,15422
2023-01-19,육류,돼지고기,7,16708,116956
2023-01-19,과일,사과,7,15295,107065
2023-01-19,유제품,크림,8,4300,34400
2023-01-19,유제품,치즈,1,4054,4054
2023-01-19,채소,당근,8,10503,84024
2023-01-19,유제품,버터,4,9356,37424
2023-01-19,수산물,게,7,18327,128289
2023-01-19,채소,시금치,10,17032,170320
2023-01-19,수산물,새우,3,14859,44577
2023-01-19,수산물,오징어,2,9705,19410
2023-01-19,과일,망고,5,5841,29205
2023-01-19,채소,당근,7,12382,86674
2023-01-20,수산물,조개,6,2279,13674
2023-01-20,과일,바나나,5,8083,40415
2023-01-20,유제품,버터,10,12093,120930
2023-01-20,육류,소고기,10,16517,165170
2023-01-20,유제품,우유,2,4186,8372
2023-01-20,과일,키위,9,3599,32391
2023-01-20,채소,오이,9,18685,168165
2023-01-20,유제품,버터,10,9633,96330
2023-01-20,수산물,조개,2,9996,19992
2023-01-20,유제품,요거트,5,6475,32375
2023-01-20,과일,키위,2,8184,16368
2023-01-20,수산물,연어,6,13875,83250
2023-01-20,수산물,참치,6,19458,116748
2023-01-21,유제품,요거트,9,16156,145404
2023-01-21,채소,오이,1,3969,3969
2023-01-21,수산물,오징어,10,4629,46290
2023-01-21,채소,토마토,6,18770,112620
2023-01-21,과일,오렌지,5,12555,62775
2023-01-21,유제품,요거트,5,7819,39095
2023-01-21,과일,오렌지,7,18717,131019
2023-01-21,채소,시금치,8,5853,46824
2023-01-21,수산물,연어,10,8715,87150
2023-01-21,육류,닭고기,3,16850,50550
2023-01-21,과일,키위,2,15536,31072
2023-01-21,채소,감자,5,3120,15600
2023-01-21,과일,사과,1,2240,2240
2023-01-21,수산물,새우,8,13312,106496
2023-01-21,유제품,치즈,2,2252,4504
2023-01-21,육류,양고기,3,19706,59118
2023-01-21,수산물,오징어,1,4004,4004
2023-01-21,과일,바나나,9,2341,21069
2023-01-22,유제품,크림,1,2750,2750
2023-01-22,수산물,게,6,6319,37914
2023-01-22,과일,바나나,9,12918,116262
2023-01-22,유제품,요거트,9,14849,133641
2023-01-22,채소,시금치,1,13182,13182
2023-01-22,채소,오이,6,17774,106644
2023-01-22,수산물,연어,3,16023,48069
2023-01-22,채소,당근,7,2500,17500
2023-01-22,채소,시금치,4,5497,21988
2023-01-22,유제품,요거트,7,10374,72618
2023-01-22,유제품,버터,2,17514,35028
2023-01-22,수산물,새우,8,13651,109208
2023-01-22,과일,딸기,6,18304,109824
2023-01-22,수산물,참치,1,14737,14737
2023-01-22,육류,돼지고기,7,1545,10815
2023-01-22,유제품,크림,2,16775,33550
2023-01-22,유제품,치즈,7,10005,70035
2023-01-23,수산물,게,1,9436,9436
2023-01-23,육류,소고기,8,19155,153240
2023-01-23,과일,바나나,9,4430,39870
2023-01-23,육류,오리고기,1,3050,3050
2023-01-23,수산물,게,8,3033,24264
2023-01-23,육류,돼지고기,5,8832,44160
2023-01-23,과일,포도,9,5494,49446
2023-01-23,과일,사과,8,10155,81240
2023-01-23,육류,닭고기,10,2828,28280
2023-01-23,수산물,조개,6,1806,10836
2023-01-23,유제품,크림,2,16512,33024
2023-01-23,육류,양고기,8,17220,137760
2023-01-23,수산물,새우,10,8274,82740
2023-01-24,과일,바나나,9,11745,105705
2023-01-24,유제품,크림,5,9245,46225
2023-01-24,과일,사과,3,19297,57891
2023-01-24,과일,포도,10,19850,198500
2023-01-24,채소,감자,1,15551,15551
2023-01-24,유제품,치즈,6,8287,49722
2023-01-24,수산물,연어,9,5675,51075
2023-01-24,수산물,참치,9,14239,128151
2023-01-24,유제품,치즈,9,18602,167418
2023-01-24,과일,바나나,10,14774,147740
2023-01-24,과일,포도,2,8291,16582
2023-01-25,유제품,크림,10,10105,101050
2023-01-25,수산물,오징어,5,13880,69400
2023-01-25,채소,오이,3,2591,7773
2023-01-25,채소,당근,1,8314,8314
2023-01-25,육류,소고기,9,7924,71316
2023-01-25,유제품,크림,9,14481,130329
2023-01-25,육류,닭고기,6,17106,102636
2023-01-25,수산물,참치,9,17370,156330
2023-01-25,채소,감자,5,4741,23705
2023-01-25,채소,토마토,2,17077,34154
2023-01-25,수산물,조개,7,11177,78239
2023-01-25,수산물,게,1,3064,3064
2023-01-25,채소,토마토,8,2007,16056
2023-01-25,유제품,요거트,9,10439,93951
2023-01-25,채소,시금치,5,6084,30420
2023-01-26,육류,양고기,4,18649,74596
2023-01-26,육류,닭고기,1,15859,15859
2023-01-26,과일,바나나,6,12383,74298
2023-01-26,유제품,요거트,2,5799,11598
2023-01-26,수산물,오징어,4,3428,13712
2023-01-26,육류,오리고기,1,8813,8813
2023-01-26,유제품,치즈,10,12801,128010
2023-01-26,채소,상추,2,4356,8712
2023-01-26,육류,소고기,3,7540,22620
2023-01-26,과일,망고,7,3844,26908
2023-01-26,수산물,새우,4,19207,76828
2023-01-26,채소,시금치,4,4093,16372
2023-01-26,유제품,치즈,3,12645,37935
2023-01-26,육류,양고기,5,7446,37230
2023-01-26,수산물,새우,4,17133,68532
2023-01-27,과일,포도,3,6626,19878
2023-01-27,과일,바나나,6,12425,74550
2023-01-27,수산물,새우,1,9984,9984
2023-01-27,육류,돼지고기,8,7573,60584
2023-01-27,과일,사과,5,9711,48555
2023-01-27,유제품,요거트,4,7342,29368
2023-01-27,유제품,크림,5,6655,33275
2023-01-27,육류,돼지고기,3,16251,48753
2023-01-27,과일,키위,7,12536,87752
2023-01-27,육류,양고기,4,9712,38848
2023-01-27,과일,딸기,6,6109,36654
2023-01-27,수산물,조개,2,17967,35934
2023-01-28,수산물,연어,8,18773,150184
2023-01-28,유제품,크림,9,19427,174843
2023-01-28,과일,오렌지,6,4762,28572
2023-01-28,과일,사과,9,6791,61119
2023-01-28,육류,양고기,1,9905,9905
2023-01-28,채소,토마토,1,17385,17385
2023-01-28,과일,사과,9,13236,119124
2023-01-28,과일,포도,4,18301,73204
2023-01-28,채소,상추,7,1089,7623
2023-01-28,채소,감자,2,1105,2210
2023-01-28,육류,소고기,8,7090,56720
2023-01-28,수산물,새우,6,19440,116640
2023-01-28,과일,망고,9,4911,44199
2023-01-28,채소,토마토,4,14629,58516
2023-01-28,유제품,치즈,4,1207,4828
2023-01-28,육류,돼지고기,6,9601,57606
2023-01-28,유제품,우유,10,5109,51090
2023-01-28,유제품,요거트,6,8179,49074
2023-01-28,육류,오리고기,9,14612,131508
2023-01-28,유제품,요거트,3,5780,17340
2023-01-29,수산물,조개,7,17690,123830
2023-01-29,육류,돼지고기,6,8057,48342
2023-01-29,유제품,크림,8,3920,31360
2023-01-29,유제품,치즈,10,9946,99460
2023-01-29,유제품,크림,6,14518,87108
2023-01-29,과일,망고,1,8005,8005
2023-01-29,수산물,참치,8,9595,76760
2023-01-29,수산물,오징어,4,1955,7820
2023-01-29,채소,양파,3,5703,17109
2023-01-29,과일,딸기,10,13003,130030
2023-01-29,채소,시금치,2,12171,24342
2023-01-29,채소,당근,3,13473,40419
2023-01-29,수산물,오징어,3,16596,49788
2023-01-29,채소,오이,1,13765,13765
2023-01-29,채소,토마토,2,1374,2748
2023-01-29,수산물,조개,6,5648,33888
2023-01-29,육류,오리고기,8,3278,26224
2023-01-30,육류,돼지고기,7,14125,98875
2023-01-30,과일,오렌지,9,3113,28017
2023-01-30,유제품,크림,5,11238,56190
2023-01-30,과일,딸기,8,13588,108704
2023-01-30,유제품,요거트,3,1629,4887
2023-01-30,채소,오이,10,12083,120830
2023-01-30,과일,사과,5,16635,83175
2023-01-30,유제품,버터,1,11552,11552
2023-01-30,육류,양고기,9,4178,37602
2023-01-30,수산물,조개,5,4568,22840
2023-01-30,육류,양고기,6,1619,9714
2023-01-30,유제품,크림,4,17001,68004
2023-01-30,과일,망고,5,1281,6405
2023-01-30,수산물,연어,7,2058,14406
2023-01-30,수산물,조개,5,10200,51000
2023-01-30,유제품,버터,10,9467,94670
2023-01-30,수산물,참치,8,6370,50960
2023-01-30,유제품,요거트,9,16398,147582
2023-01-31,유제품,요거트,7,8595,60165
2023-01-31,육류,오리고기,4,2969,11876
2023-01-31,채소,토마토,7,11225,78575
2023-01-31,수산물,연어,7,10991,76937
2023-01-31,수산물,게,5,13373,66865
2023-01-31,채소,양파,7,6238,43666
2023-01-31,채소,당근,10,16504,165040
2023-01-31,채소,시금치,8,13144,105152
2023-01-31,육류,닭고기,8,5440,43520
2023-01-31,육류,소고기,1,14598,14598
2023-01-31,수산물,조개,9,12865,115785
2023-01-31,육류,돼지고기,2,18087,36174
2023-01-31,과일,사과,9,13975,125775
2023-01-31,수산물,연어,5,1488,7440
2023-01-31,유제품,버터,2,16740,33480
2023-01-31,육류,닭고기,6,4553,27318
2023-01-31,채소,오이,9,16638,149742
2023-02-01,수산물,새우,1,2367,2367
2023-02-01,과일,포도,1,5806,5806
2023-02-01,수산물,새우,9,18824,169416
2023-02-01,과일,사과,3,15437,46311
2023-02-01,채소,당근,3,12207,36621
2023-02-01,채소,감자,9,10218,91962
2023-02-01,수산물,참치,8,3863,30904
2023-02-01,채소,상추,5,2177,10885
2023-02-01,과일,딸기,5,17353,86765
2023-02-01,수산물,오징어,4,12022,48088
2023-02-01,유제품,요거트,5,1406,7030
2023-02-01,유제품,크림,9,9906,89154
2023-02-02,육류,오리고기,6,5882,35292
2023-02-02,채소,상추,4,8151,32604
2023-02-02,수산물,오징어,3,17489,52467
2023-02-02,육류,돼지고기,2,13208,26416
2023-02-02,수산물,오징어,10,2286,22860
2023-02-02,육류,돼지고기,7,8052,56364
2023-02-02,과일,바나나,10,10667,106670
2023-02-02,과일,딸기,8,10900,87200
2023-02-02,채소,시금치,7,2300,16100
2023-02-02,육류,소고기,10,5616,56160
2023-02-02,채소,감자,9,10852,97668
2023-02-02,채소,양파,10,2316,23160
2023-02-03,채소,당근,4,8227,32908
2023-02-03,채소,양파,2,6010,12020
2023-02-03,육류,돼지고기,1,10654,10654
2023-02-03,채소,오이,1,17866,17866
2023-02-03,육류,돼지고기,1,18014,18014
2023-02-03,수산물,연어,6,12695,76170
2023-02-03,수산물,새우,7,10160,71120
2023-02-03,수산물,조개,9,8421,75789
2023-02-03,과일,바나나,3,5358,16074
2023-02-03,수산물,참치,3,12543,37629
2023-02-03,육류,닭고기,4,18625,74500
2023-02-03,채소,시금치,4,14031,56124
2023-02-03,수산물,연어,4,15210,60840
2023-02-04,과일,오렌지,6,3472,20832
2023-02-04,육류,오리고기,1,4713,4713
2023-02-04,육류,오리고기,5,2735,13675
2023-02-04,채소,당근,6,8979,53874
2023-02-04,수산물,참치,3,9533,28599
2023-02-04,채소,시금치,2,10686,21372
2023-02-04,육류,양고기,10,15788,157880
2023-02-04,수산물,조개,9,1207,10863
2023-02-04,채소,상추,9,4083,36747
2023-02-04,과일,딸기,8,8123,64984
2023-02-04,유제품,크림,7,5443,38101
2023-02-04,유제품,크림,4,9555,38220
2023-02-04,과일,사과,5,14395,71975
2023-02-04,채소,시금치,1,18396,18396
2023-02-04,육류,양고기,2,17163,34326
2023-02-04,과일,망고,2,19792,39584
2023-02-04,수산물,참치,9,19880,178920
2023-02-04,유제품,치즈,4,10917,43668
2023-02-05,채소,토마토,2,5406,10812
2023-02-05,유제품,치즈,6,6435,38610
2023-02-05,수산물,오징어,10,5107,51070
2023-02-05,과일,바나나,6,2826,16956
2023-02-05,채소,상추,6,8693,52158
2023-02-05,과일,망고,5,7721,38605
2023-02-05,유제품,요거트,3,8373,25119
2023-02-05,육류,돼지고기,10,6656,66560
2023-02-05,채소,양파,6,9286,55716
2023-02-05,과일,키위,6,9429,56574
2023-02-05,수산물,오징어,3,3530,10590
2023-02-05,과일,키위,9,6772,60948
2023-02-05,수산물,참치,8,3964,31712
2023-02-05,채소,토마토,9,14891,134019
2023-02-05,수산물,오징어,4,3494,13976
2023-02-05,수산물,새우,2,6179,12358
2023-02-06,유제품,치즈,5,11145,55725
2023-02-06,채소,양파,2,4850,9700
2023-02-06,채소,오이,8,6078,48624
2023-02-06,유제품,우유,3,6448,19344
2023-02-06,육류,닭고기,7,9800,68600
2023-02-06,육류,양고기,7,11340,79380
2023-02-06,육류,양고기,4,1419,5676
2023-02-06,육류,돼지고기,5,6693,33465
2023-02-06,수산물,새우,7,2549,17843
2023-02-06,수산물,조개,6,4716,28296
2023-02-06,채소,상추,5,19677,98385
2023-02-06,수산물,참치,7,8993,62951
2023-02-06,수산물,연어,5,15828,79140
2023-02-06,수산물,조개,2,15308,30616
2023-02-06,수산물,오징어,1,12234,12234
2023-02-06,과일,딸기,5,19739,98695
2023-02-07,수산물,참치,4,5719,22876
2023-02-07,육류,돼지고기,8,8394,67152
2023-02-07,과일,포도,4,11636,46544
2023-02-07,과일,사과,1,4191,4191
2023-02-07,과일,사과,1,17955,17955
2023-02-07,수산물,연어,10,19663,196630
2023-02-07,수산물,오징어,7,18159,127113
2023-02-07,유제품,우유,1,8099,8099
2023-02-07,수산물,새우,5,8083,40415
2023-02-07,과일,망고,5,10223,51115
2023-02-07,수산물,연어,7,4456,31192
2023-02-07,수산물,새우,8,3711,29688
2023-02-07,과일,포도,4,13089,52356
2023-02-07,육류,닭고기,4,13686,54744
2023-02-07,유제품,치즈,3,9964,29892
2023-02-07,채소,상추,1,18630,18630
2023-02-08,과일,사과,2,12824,25648
2023-02-08,육류,양고기,9,13504,121536
2023-02-08,채소,시금치,2,15089,30178
2023-02-08,수산물,오징어,8,18153,145224
2023-02-08,수산물,조개,2,17905,35810
2023-02-08,과일,바나나,7,13232,92624
2023-02-08,과일,오렌지,10,8128,81280
2023-02-08,채소,상추,4,3461,13844
2023-02-08,육류,오리고기,3,1685,5055
2023-02-08,과일,포도,3,16990,50970
2023-02-08,과일,딸기,9,12182,109638
2023-02-08,채소,오이,5,16997,84985
2023-02-08,육류,닭고기,6,11773,70638
2023-02-08,육류,오리고기,2,14057,28114
2023-02-08,수산물,조개,4,16921,67684
2023-02-08,유제품,버터,6,4754,28524
2023-02-08,수산물,조개,1,9706,9706
2023-02-09,유제품,크림,7,7251,50757
2023-02-09,과일,포도,8,9553,76424
2023-02-09,채소,양파,5,17898,89490
2023-02-09,과일,딸기,8,11047,88376
2023-02-09,채소,감자,9,4081,36729
2023-02-09,수산물,게,7,15042,105294
2023-02-09,유제품,요거트,9,3159,28431
2023-02-09,수산물,연어,4,15933,63732
2023-02-09,채소,감자,10,11805,118050
2023-02-09,육류,소고기,9,8604,77436
2023-02-09,과일,딸기,3,6110,18330
2023-02-09,유제품,크림,10,3179,31790
2023-02-09,수산물,오징어,4,19313,77252
2023-02-09,유제품,요거트,5,8909,44545
2023-02-09,수산물,게,8,15537,124296
2023-02-10,육류,양고기,9,6036,54324
2023-02-10,육류,소고기,7,11822,82754
2023-02-10,육류,오리고기,3,17087,51261
2023-02-10,수산물,참치,7,7643,53501
2023-02-10,육류,돼지고기,2,15226,30452
2023-02-10,육류,양고기,3,13080,39240
2023-02-10,유제품,크림,10,6093,60930
2023-02-10,수산물,오징어,3,17044,51132
2023-02-10,육류,소고기,7,11720,82040
2023-02-10,채소,시금치,4,18520,74080
2023-02-10,유제품,버터,9,2019,18171
2023-02-10,수산물,연어,1,13485,13485
2023-02-10,육류,양고기,6,19509,117054
2023-02-10,육류,닭고기,7,15472,108304
2023-02-10,채소,오이,9,9329,83961
2023-02-11,유제품,크림,1,11077,11077
2023-02-11,수산물,게,1,19284,19284
2023-02-11,유제품,크림,3,18833,56499
2023-02-11,유제품,요거트,3,8999,26997
2023-02-11,수산물,오징어,1,16433,16433
2023-02-11,수산물,오징어,6,16078,96468
2023-02-11,채소,당근,1,3839,3839
2023-02-11,과일,딸기,6,14493,86958
2023-02-11,육류,양고기,9,8710,78390
2023-02-11,육류,소고기,4,16261,65044
2023-02-11,육류,돼지고기,6,10435,62610
2023-02-12,유제품,버터,8,18289,146312
2023-02-12,채소,양파,6,10032,60192
2023-02-12,수산물,오징어,8,3643,29144
2023-02-12,채소,감자,9,16892,152028
2023-02-12,육류,돼지고기,1,15289,15289
2023-02-12,유제품,버터,8,12918,103344
2023-02-12,수산물,참치,10,3539,35390
2023-02-12,과일,포도,10,2753,27530
2023-02-12,수산물,연어,3,11123,33369
2023-02-12,과일,포도,9,7304,65736
2023-02-12,채소,오이,4,16352,65408
2023-02-12,과일,사과,8,1572,12576
2023-02-12,채소,토마토,10,19474,194740
2023-02-12,과일,망고,6,13464,80784
2023-02-12,과일,바나나,6,18901,113406
2023-02-12,채소,양파,10,14140,141400
2023-02-13,채소,상추,9,4137,37233
2023-02-13,채소,감자,3,13924,41772
2023-02-13,육류,양고기,10,17994,179940
2023-02-13,유제품,우유,7,19708,137956
2023-02-13,육류,돼지고기,4,14171,56684
2023-02-13,수산물,게,4,15939,63756
2023-02-13,유제품,크림,9,7823,70407
2023-02-13,채소,토마토,10,3113,31130
2023-02-13,과일,키위,3,11183,33549
2023-02-13,육류,소고기,10,10203,102030
2023-02-13,유제품,버터,7,19810,138670
2023-02-13,채소,당근,3,7852,23556
2023-02-13,유제품,치즈,8,7411,59288
2023-02-13,채소,토마토,9,11403,102627
2023-02-14,수산물,연어,8,14521,116168
2023-02-14,채소,토마토,4,12531,50124
2023-02-14,채소,시금치,3,12116,36348
2023-02-14,유제품,치즈,2,2898,5796
2023-02-14,과일,딸기,1,1612,1612
2023-02-14,육류,닭고기,5,3307,16535
2023-02-14,유제품,우유,7,8183,57281
2023-02-14,과일,망고,7,18053,126371
2023-02-14,수산물,참치,4,1923,7692
2023-02-14,채소,시금치,7,17154,120078
2023-02-14,수산물,연어,3,11592,34776
2023-02-14,육류,소고기,4,1226,4904
2023-02-14,수산물,오징어,9,10587,95283
2023-02-14,채소,상추,3,17299,51897
2023-02-15,유제품,요거트,9,11964,107676
2023-02-15,채소,상추,3,1587,4761
2023-02-15,육류,돼지고기,5,19099,95495
2023-02-15,채소,양파,3,14230,42690
2023-02-15,채소,감자,9,19710,177390
2023-02-15,과일,포도,3,13576,40728
2023-02-15,육류,오리고기,2,2089,4178
2023-02-15,유제품,버터,7,11693,81851
2023-02-15,과일,딸기,1,4830,4830
2023-02-15,유제품,버터,10,15478,154780
2023-02-15,수산물,새우,9,18332,164988
2023-02-15,육류,양고기,1,1392,1392
2023-02-15,유제품,버터,2,18522,37044
2023-02-15,과일,키위,7,18761,131327
2023-02-15,육류,오리고기,8,16037,128296
2023-02-15,유제품,치즈,4,11096,44384
2023-02-15,과일,키위,10,15949,159490
2023-02-15,과일,오렌지,3,10641,31923
2023-02-16,과일,딸기,4,11412,45648
2023-02-16,과일,오렌지,7,18915,132405
2023-02-16,유제품,버터,8,18317,146536
2023-02-16,수산물,조개,4,11704,46816
2023-02-16,과일,사과,8,15424,123392
2023-02-16,유제품,크림,3,12240,36720
2023-02-16,유제품,우유,4,9259,37036
2023-02-16,육류,돼지고기,9,8804,79236
2023-02-16,과일,망고,7,3524,24668
2023-02-16,과일,키위,3,1778,5334
2023-02-16,채소,오이,5,18732,93660
2023-02-16,육류,오리고기,3,8851,26553
2023-02-17,수산물,조개,9,14635,131715
2023-02-17,유제품,우유,2,18111,36222
2023-02-17,과일,포도,7,2447,17129
2023-02-17,육류,양고기,9,13946,125514
2023-02-17,채소,토마토,6,15567,93402
2023-02-17,수산물,새우,6,13466,80796
2023-02-17,육류,양고기,4,17300,69200
2023-02-17,유제품,버터,2,3007,6014
2023-02-17,채소,당근,7,10984,76888
2023-02-17,과일,바나나,1,7716,7716
2023-02-18,채소,당근,8,14778,118224
2023-02-18,육류,돼지고기,1,13728,13728
2023-02-18,수산물,조개,1,9333,9333
2023-02-18,유제품,크림,4,6808,27232
2023-02-18,수산물,조개,6,11288,67728
2023-02-18,과일,키위,8,5650,45200
2023-02-18,육류,양고기,1,5697,5697
2023-02-18,수산물,조개,1,18087,18087
2023-02-18,채소,당근,6,19184,115104
2023-02-18,수산물,연어,9,1855,16695
2023-02-18,수산물,새우,7,17566,122962
2023-02-18,과일,망고,3,18740,56220
2023-02-18,수산물,연어,8,9210,73680
2023-02-18,육류,오리고기,5,10324,51620
2023-02-18,육류,오리고기,1,1987,1987
2023-02-19,수산물,연어,7,4052,28364
2023-02-19,과일,망고,4,14969,59876
2023-02-19,채소,토마토,1,17977,17977
2023-02-19,수산물,새우,8,14395,115160
2023-02-19,과일,사과,10,15376,153760
2023-02-19,채소,시금치,9,17585,158265
2023-02-19,채소,당근,10,10101,101010
2023-02-19,채소,당근,6,8544,51264
2023-02-19,육류,닭고기,4,12777,51108
2023-02-19,수산물,게,3,7031,21093
2023-02-19,채소,양파,9,19850,178650
2023-02-19,유제품,우유,7,2998,20986
2023-02-19,채소,오이,5,5669,28345
2023-02-19,과일,망고,9,8446,76014
2023-02-19,과일,키위,5,14749,73745
2023-02-19,유제품,요거트,4,3658,14632
2023-02-19,수산물,연어,5,11213,56065
2023-02-19,채소,상추,2,2823,5646
2023-02-19,유제품,치즈,9,4134,37206
2023-02-20,유제품,요거트,9,2141,19269
2023-02-20,육류,양고기,1,11135,11135
2023-02-20,채소,토마토,5,17390,86950
2023-02-20,육류,오리고기,8,19990,159920
2023-02-20,육류,닭고기,10,8611,86110
2023-02-20,채소,토마토,3,12246,36738
2023-02-20,유제품,치즈,1,12120,12120
2023-02-20,수산물,참치,4,16845,67380
2023-02-20,과일,망고,4,6744,26976
2023-02-20,수산물,참치,5,8069,40345
2023-02-20,유제품,치즈,4,10370,41480
2023-02-20,유제품,치즈,10,12826,128260
2023-02-20,채소,상추,5,3169,15845
2023-02-20,수산물,조개,10,9315,93150
2023-02-20,수산물,새우,7,1785,12495
2023-02-20,육류,소고기,1,15973,15973
2023-02-21,과일,포도,6,13355,80130
2023-02-21,수산물,조개,9,3352,30168
2023-02-21,수산물,참치,6,6498,38988
2023-02-21,유제품,치즈,10,10569,105690
2023-02-21,수산물,새우,10,1340,13400
2023-02-21,육류,오리고기,7,10714,74998
2023-02-21,과일,딸기,8,16996,135968
2023-02-21,유제품,크림,2,14283,28566
2023-02-21,유제품,크림,1,3151,3151
2023-02-21,과일,바나나,3,13452,40356
2023-02-21,수산물,오징어,5,3660,18300
2023-02-21,육류,닭고기,5,2708,13540
2023-02-21,육류,오리고기,6,17859,107154
2023-02-22,과일,딸기,9,1557,14013
2023-02-22,채소,토마토,6,1882,11292
2023-02-22,유제품,요거트,4,13869,55476
2023-02-22,채소,토마토,6,14527,87162
2023-02-22,유제품,치즈,9,7642,68778
2023-02-22,채소,양파,3,16309,48927
2023-02-22,유제품,요거트,3,7142,21426
2023-02-22,육류,오리고기,3,16688,50064
2023-02-22,육류,오리고기,1,3384,3384
2023-02-22,과일,사과,8,15482,123856
2023-02-22,유제품,치즈,5,14324,71620
2023-02-22,수산물,참치,6,4420,26520
2023-02-22,유제품,치즈,6,13413,80478
2023-02-22,수산물,오징어,2,12944,25888
2023-02-23,유제품,우유,3,13306,39918
2023-02-23,채소,감자,1,12590,12590
2023-02-23,유제품,우유,4,1024,4096
2023-02-23,수산물,연어,5,10959,54795
2023-02-23,수산물,오징어,9,12390,111510
2023-02-23,과일,딸기,3,11433,34299
2023-02-23,과일,바나나,4,9605,38420
2023-02-23,유제품,치즈,8,10101,80808
2023-02-23,육류,오리고기,2,3092,6184
2023-02-23,수산물,새우,6,6185,37110
2023-02-23,과일,망고,2,8823,17646
2023-02-23,육류,돼지고기,2,18881,37762
2023-02-23,수산물,오징어,2,3951,7902
2023-02-23,유제품,크림,7,18972,132804
2023-02-23,과일,사과,9,1436,12924
2023-02-23,수산물,조개,3,14364,43092
2023-02-23,유제품,우유,9,16061,144549
2023-02-24,채소,감자,4,2589,10356
2023-02-24,육류,양고기,2,16373,32746
2023-02-24,채소,토마토,4,9244,36976
2023-02-24,육류,오리고기,7,6585,46095
2023-02-24,육류,돼지고기,2,8927,17854
2023-02-24,채소,시금치,9,15027,135243
2023-02-24,과일,망고,9,19268,173412
2023-02-24,채소,감자,6,15087,90522
2023-02-24,과일,키위,5,16275,81375
2023-02-24,과일,포도,9,6738,60642
2023-02-25,과일,오렌지,2,5523,11046
2023-02-25,육류,양고기,2,16246,32492
2023-02-25,유제품,크림,3,3224,9672
2023-02-25,육류,닭고기,5,11640,58200
2023-02-25,채소,시금치,10,2948,29480
2023-02-25,과일,딸기,9,7318,65862
2023-02-25,수산물,조개,5,1522,7610
2023-02-25,과일,딸기,9,10821,97389
2023-02-25,과일,포도,4,8122,32488
2023-02-25,유제품,버터,5,14200,71000
2023-02-25,수산물,게,7,19971,139797
2023-02-25,과일,오렌지,2,8935,17870
2023-02-26,육류,소고기,7,14324,100268
2023-02-26,채소,오이,4,16233,64932
2023-02-26,과일,사과,6,3005,18030
2023-02-26,과일,딸기,7,10388,72716
2023-02-26,수산물,참치,9,19135,172215
2023-02-26,육류,돼지고기,3,17363,52089
2023-02-26,육류,오리고기,8,18845,150760
2023-02-26,과일,딸기,5,12515,62575
2023-02-26,유제품,치즈,9,5213,46917
2023-02-26,채소,오이,5,12849,64245
2023-02-26,수산물,조개,6,19199,115194
2023-02-26,채소,상추,1,8011,8011
2023-02-27,유제품,우유,3,3158,9474
2023-02-27,과일,딸기,6,13828,82968
2023-02-27,유제품,우유,4,2401,9604
2023-02-27,육류,돼지고기,6,13096,78576
2023-02-27,육류,양고기,1,11343,11343
2023-02-27,육류,돼지고기,6,12956,77736
2023-02-27,채소,당근,9,16493,148437
2023-02-27,수산물,연어,1,5025,5025
2023-02-27,육류,소고기,5,18356,91780
2023-02-27,육류,닭고기,9,19591,176319
2023-02-27,유제품,우유,7,16064,112448
2023-02-27,수산물,게,4,13903,55612
2023-02-27,유제품,크림,9,3204,28836
2023-02-27,채소,감자,7,17299,121093
2023-02-27,채소,토마토,10,1630,16300
2023-02-27,수산물,오징어,2,17661,35322
2023-02-27,과일,사과,10,8659,86590
2023-02-27,채소,양파,10,16384,163840
2023-02-27,채소,당근,3,9652,28956
2023-02-28,육류,양고기,1,2072,2072
2023-02-28,육류,양고기,9,19990,179910
2023-02-28,과일,키위,2,12033,24066
2023-02-28,과일,바나나,5,6939,34695
2023-02-28,과일,오렌지,8,2696,21568
2023-02-28,채소,상추,2,15350,30700
2023-02-28,수산물,참치,5,12837,64185
2023-02-28,채소,상추,10,11541,115410
2023-02-28,수산물,게,3,6085,18255
2023-02-28,수산물,오징어,1,7474,7474
2023-02-28,수산물,참치,6,15607,93642
2023-02-28,육류,닭고기,8,8866,70928
2023-02-28,채소,상추,9,6451,58059
2023-02-28,유제품,크림,9,8186,73674
2023-03-01,채소,감자,6,1619,9714
2023-03-01,유제품,크림,2,2296,4592
2023-03-01,유제품,치즈,5,3895,19475
2023-03-01,채소,감자,7,9711,67977
2023-03-01,수산물,참치,8,11717,93736
2023-03-01,육류,소고기,7,13474,94318
2023-03-01,육류,돼지고기,6,9277,55662
2023-03-01,육류,소고기,5,19020,95100
2023-03-01,육류,양고기,10,11410,114100
2023-03-01,수산물,참치,8,19753,158024
2023-03-01,유제품,크림,9,5444,48996
2023-03-01,유제품,버터,10,3787,37870
2023-03-01,과일,키위,8,3176,25408
2023-03-01,과일,포도,7,10171,71197
2023-03-01,육류,오리고기,3,8778,26334
2023-03-01,과일,망고,10,13972,139720
2023-03-02,수산물,오징어,5,2105,10525
2023-03-02,육류,소고기,2,16417,32834
2023-03-02,채소,오이,4,13602,54408
2023-03-02,유제품,우유,9,15212,136908
2023-03-02,채소,양파,1,11593,11593
2023-03-02,수산물,연어,4,13996,55984
2023-03-02,유제품,치즈,5,11521,57605
2023-03-02,유제품,치즈,7,11230,78610
2023-03-02,채소,오이,5,5557,27785
2023-03-02,육류,돼지고기,4,18806,75224
2023-03-02,채소,토마토,8,7696,61568
2023-03-02,유제품,버터,9,17654,158886
2023-03-02,유제품,크림,1,16042,16042
2023-03-03,유제품,크림,4,15300,61200
2023-03-03,채소,토마토,3,17673,53019
2023-03-03,과일,사과,7,4252,29764
2023-03-03,육류,오리고기,5,5958,29790
2023-03-03,수산물,게,9,18208,163872
2023-03-03,수산물,연어,6,6445,38670
2023-03-03,수산물,연어,10,14926,149260
2023-03-03,수산물,조개,4,6634,26536
2023-03-03,유제품,버터,6,13707,82242
2023-03-03,과일,포도,7,19233,134631
2023-03-03,채소,상추,5,17589,87945
2023-03-03,과일,키위,6,12814,76884
2023-03-03,수산물,게,5,19375,96875
2023-03-03,과일,오렌지,7,11014,77098
2023-03-03,채소,감자,2,13541,27082
2023-03-03,과일,사과,10,11965,119650
2023-03-03,과일,사과,4,14422,57688
2023-03-04,유제품,크림,5,3800,19000
2023-03-04,과일,망고,9,3610,32490
2023-03-04,육류,소고기,9,8263,74367
2023-03-04,유제품,우유,7,14689,102823
2023-03-04,수산물,게,9,4664,41976
2023-03-04,채소,당근,9,19908,179172
2023-03-04,과일,포도,6,5357,32142
2023-03-04,육류,양고기,5,2538,12690
2023-03-04,과일,망고,1,19287,19287
2023-03-04,수산물,연어,1,8106,8106
2023-03-04,채소,시금치,4,18951,75804
2023-03-04,육류,돼지고기,1,5946,5946
2023-03-04,유제품,버터,3,19919,59757
2023-03-04,채소,양파,2,5796,11592
2023-03-04,육류,닭고기,3,5997,17991
2023-03-04,과일,사과,1,6287,6287
2023-03-04,유제품,크림,1,18860,18860
2023-03-04,유제품,크림,3,3763,11289
2023-03-05,유제품,요거트,9,4731,42579
2023-03-05,육류,양고기,7,18266,127862
2023-03-05,과일,포도,8,11758,94064
2023-03-05,유제품,요거트,7,12442,87094
2023-03-05,채소,토마토,8,8291,66328
2023-03-05,과일,사과,5,17523,87615
2023-03-05,과일,키위,1,11808,11808
2023-03-05,육류,오리고기,6,1887,11322
2023-03-05,유제품,우유,2,17402,34804
2023-03-05,수산물,새우,2,13253,26506
2023-03-05,육류,소고기,4,4765,19060
2023-03-05,유제품,크림,8,16166,129328
2023-03-05,채소,양파,9,6788,61092
2023-03-05,채소,양파,2,17901,35802
2023-03-05,채소,오이,9,2988,26892
2023-03-05,채소,감자,4,15256,61024
2023-03-05,유제품,우유,7,8162,57134
2023-03-05,유제품,요거트,2,15114,30228
2023-03-05,채소,토마토,8,11825,94600
2023-03-05,채소,당근,7,2518,17626
2023-03-06,육류,닭고기,9,14237,128133
2023-03-06,육류,양고기,3,4554,13662
2023-03-06,채소,상추,5,16253,81265
2023-03-06,유제품,치즈,10,13360,133600
2023-03-06,과일,키위,9,5195,46755
2023-03-06,유제품,버터,2,8619,17238
2023-03-06,과일,오렌지,10,15296,152960
2023-03-06,채소,오이,6,3994,23964
2023-03-06,수산물,새우,8,2813,22504
2023-03-06,육류,돼지고기,9,9475,85275
2023-03-06,과일,사과,4,14318,57272
2023-03-06,과일,사과,4,1082,4328
2023-03-06,과일,바나나,4,12336,49344
2023-03-06,수산물,게,10,9367,93670
2023-03-06,과일,바나나,2,19202,38404
2023-03-07,채소,당근,4,8674,34696
2023-03-07,수산물,연어,4,4676,18704
2023-03-07,유제품,우유,10,3962,39620
2023-03-07,육류,소고기,9,11409,102681
2023-03-07,채소,토마토,8,11278,90224
2023-03-07,과일,포도,7,2134,14938
2023-03-07,육류,소고기,9,5164,46476
2023-03-07,유제품,요거트,8,11442,91536
2023-03-07,수산물,참치,3,18721,56163
2023-03-07,과일,오렌지,2,2629,5258
2023-03-07,채소,감자,6,5370,32220
2023-03-07,육류,닭고기,8,12949,103592
2023-03-07,유제품,요거트,6,2014,12084
2023-03-07,유제품,치즈,10,11748,117480
2023-03-07,유제품,우유,7,6488,45416
2023-03-08,수산물,연어,2,13855,27710
2023-03-08,유제품,크림,2,5458,10916
2023-03-08,유제품,버터,6,19425,116550
2023-03-08,육류,돼지고기,5,15427,77135
2023-03-08,채소,감자,6,11751,70506
2023-03-08,유제품,요거트,9,14516,130644
2023-03-08,육류,오리고기,6,9003,54018
2023-03-08,육류,소고기,7,4074,28518
2023-03-08,채소,양파,1,2637,2637
2023-03-08,수산물,조개,5,3032,15160
2023-03-09,육류,오리고기,2,3668,7336
2023-03-09,육류,닭고기,3,13356,40068
2023-03-09,과일,딸기,8,4606,36848
2023-03-09,과일,포도,10,15387,153870
2023-03-09,과일,포도,7,15125,105875
2023-03-09,수산물,오징어,10,2200,22000
2023-03-09,채소,감자,7,12087,84609
2023-03-09,과일,사과,5,7972,39860
2023-03-09,과일,키위,3,19978,59934
2023-03-09,과일,키위,5,1086,5430
2023-03-09,과일,딸기,7,17322,121254
2023-03-09,과일,망고,6,14596,87576
2023-03-09,수산물,조개,4,19031,76124
2023-03-09,수산물,연어,7,4687,32809
2023-03-09,수산물,참치,5,9837,49185
2023-03-09,육류,돼지고기,6,14045,84270
2023-03-09,과일,키위,1,5733,5733
2023-03-09,유제품,요거트,3,2673,8019
2023-03-09,육류,닭고기,4,14545,58180
2023-03-10,유제품,버터,8,11602,92816
2023-03-10,수산물,연어,1,4552,4552
2023-03-10,유제품,치즈,10,6097,60970
2023-03-10,과일,포도,2,6618,13236
2023-03-10,수산물,게,1,12169,12169
2023-03-10,수산물,조개,1,5927,5927
2023-03-10,수산물,조개,7,16641,116487
2023-03-10,과일,망고,5,16810,84050
2023-03-10,채소,양파,7,1192,8344
2023-03-10,과일,키위,1,7314,7314
2023-03-10,과일,오렌지,3,8374,25122
2023-03-10,수산물,조개,10,10359,103590
2023-03-10,과일,키위,9,1504,13536
2023-03-10,과일,오렌지,3,7773,23319
2023-03-10,과일,망고,3,18042,54126
2023-03-10,채소,양파,3,5234,15702
2023-03-10,수산물,게,9,10447,94023
2023-03-10,채소,당근,2,12999,25998
2023-03-10,육류,소고기,8,11531,92248
2023-03-10,육류,양고기,9,12312,110808
2023-03-11,채소,오이,6,3382,20292
2023-03-11,육류,오리고기,10,12996,129960
2023-03-11,유제품,치즈,3,15005,45015
2023-03-11,유제품,버터,4,3890,15560
2023-03-11,채소,시금치,2,10277,20554
2023-03-11,과일,사과,2,12767,25534
2023-03-11,과일,딸기,8,17633,141064
2023-03-11,채소,오이,7,12577,88039
2023-03-11,육류,소고기,3,9235,27705
2023-03-11,수산물,새우,7,4163,29141
2023-03-11,과일,망고,6,3972,23832
2023-03-12,과일,망고,3,19196,57588
2023-03-12,채소,토마토,10,12748,127480
2023-03-12,수산물,게,10,4516,45160
2023-03-12,수산물,새우,6,19959,119754
2023-03-12,유제품,우유,8,8404,67232
2023-03-12,유제품,요거트,10,11539,115390
2023-03-12,유제품,우유,10,19945,199450
2023-03-12,채소,토마토,3,1857,5571
2023-03-12,채소,상추,1,17767,17767
2023-03-12,과일,망고,3,13226,39678
2023-03-12,수산물,연어,5,17140,85700
2023-03-12,유제품,버터,7,8957,62699
2023-03-12,채소,시금치,5,2230,11150
2023-03-12,육류,양고기,10,1203,12030
2023-03-12,과일,딸기,8,4748,37984
2023-03-12,수산물,조개,3,6710,20130
2023-03-12,수산물,오징어,8,19221,153768
2023-03-12,채소,상추,9,3103,27927
2023-03-12,유제품,크림,7,13391,93737
2023-03-13,채소,감자,8,3378,27024
2023-03-13,과일,키위,6,3735,22410
2023-03-13,유제품,버터,10,18858,188580
2023-03-13,수산물,새우,3,13638,40914
2023-03-13,수산물,조개,1,3850,3850
2023-03-13,육류,닭고기,5,5594,27970
2023-03-13,유제품,버터,5,3850,19250
2023-03-13,채소,양파,4,4839,19356
2023-03-13,유제품,요거트,3,14519,43557
2023-03-13,수산물,조개,10,11776,117760
2023-03-13,육류,오리고기,3,11922,35766
2023-03-13,채소,감자,9,6395,57555
2023-03-13,유제품,치즈,2,7838,15676
2023-03-13,육류,오리고기,5,12826,64130
2023-03-13,수산물,오징어,2,15211,30422
2023-03-14,과일,바나나,4,15232,60928
2023-03-14,유제품,치즈,2,14878,29756
2023-03-14,채소,시금치,5,4716,23580
2023-03-14,과일,오렌지,9,14288,128592
2023-03-14,채소,상추,3,7982,23946
2023-03-14,육류,소고기,8,10941,87528
2023-03-14,채소,시금치,1,13380,13380
2023-03-14,채소,토마토,2,18519,37038
2023-03-14,과일,망고,8,2141,17128
2023-03-14,육류,닭고기,8,6213,49704
2023-03-14,수산물,조개,2,10802,21604
2023-03-14,육류,닭고기,6,15995,95970
2023-03-14,수산물,참치,1,19771,19771
2023-03-14,육류,닭고기,7,18359,128513
2023-03-14,수산물,새우,8,8382,67056
2023-03-15,과일,오렌지,3,19643,58929
2023-03-15,수산물,참치,1,15062,15062
2023-03-15,과일,망고,5,4805,24025
2023-03-15,육류,양고기,7,6750,47250
2023-03-15,육류,소고기,1,4135,4135
2023-03-15,채소,상추,3,2546,7638
2023-03-15,채소,감자,7,3411,23877
2023-03-15,채소,감자,4,5145,20580
2023-03-15,채소,토마토,5,4970,24850
2023-03-15,수산물,게,9,15119,136071
2023-03-15,육류,닭고기,8,14404,115232
2023-03-15,육류,돼지고기,7,12803,89621
2023-03-15,과일,딸기,4,19532,78128
2023-03-15,채소,상추,4,12486,49944
2023-03-15,채소,상추,8,13158,105264
2023-03-15,채소,시금치,7,13298,93086
2023-03-15,육류,오리고기,6,2289,13734
2023-03-16,유제품,버터,7,8657,60599
2023-03-16,과일,망고,10,9417,94170
2023-03-16,과일,키위,9,1687,15183
2023-03-16,채소,당근,8,9080,72640
2023-03-16,채소,시금치,7,8692,60844
2023-03-16,과일,사과,8,8124,64992
2023-03-16,채소,오이,9,1446,13014
2023-03-16,육류,양고기,6,18618,111708
2023-03-16,육류,소고기,3,12151,36453
2023-03-16,육류,닭고기,9,15559,140031
2023-03-16,수산물,조개,1,3032,3032
2023-03-16,수산물,게,3,14900,44700
2023-03-16,과일,딸기,10,1269,12690
2023-03-16,육류,양고기,7,14383,100681
2023-03-16,과일,포도,6,4262,25572
2023-03-16,육류,오리고기,3,19050,57150
2023-03-16,수산물,게,2,1719,3438
2023-03-17,수산물,게,8,19678,157424
2023-03-17,과일,키위,3,15079,45237
2023-03-17,유제품,버터,1,10018,10018
2023-03-17,수산물,조개,4,5820,23280
2023-03-17,채소,토마토,7,12669,88683
2023-03-17,육류,오리고기,10,9112,91120
2023-03-17,육류,양고기,1,11165,11165
2023-03-17,육류,소고기,1,1910,1910
2023-03-17,수산물,연어,8,4129,33032
2023-03-17,채소,당근,7,12949,90643
2023-03-17,유제품,요거트,7,16588,116116
2023-03-17,과일,딸기,9,19108,171972
2023-03-17,채소,상추,2,10104,20208
2023-03-17,수산물,참치,2,3828,7656
2023-03-17,유제품,크림,5,19031,95155
2023-03-18,과일,오렌지,4,17526,70104
2023-03-18,과일,딸기,10,4435,44350
2023-03-18,수산물,오징어,1,2848,2848
2023-03-18,육류,소고기,6,10259,61554
2023-03-18,유제품,치즈,2,4791,9582
2023-03-18,과일,망고,1,14304,14304
2023-03-18,과일,오렌지,1,4303,4303
2023-03-18,채소,상추,3,16198,48594
2023-03-18,과일,사과,10,9924,99240
2023-03-18,수산물,조개,8,10783,86264
2023-03-18,채소,상추,5,1191,5955
2023-03-18,유제품,우유,1,14682,14682
2023-03-18,유제품,우유,5,13391,66955
2023-03-18,유제품,버터,1,10221,10221
2023-03-18,유제품,버터,2,10765,21530
2023-03-18,수산물,새우,4,12989,51956
2023-03-19,과일,오렌지,4,19489,77956
2023-03-19,수산물,오징어,10,4359,43590
2023-03-19,과일,사과,4,6366,25464
2023-03-19,육류,닭고기,10,15330,153300
2023-03-19,육류,소고기,10,13497,134970
2023-03-19,과일,망고,8,5567,44536
2023-03-19,채소,토마토,6,12755,76530
2023-03-19,유제품,우유,8,4358,34864
2023-03-19,수산물,연어,2,6698,13396
2023-03-19,채소,상추,6,12241,73446
2023-03-19,과일,바나나,4,12273,49092
2023-03-19,유제품,치즈,8,10220,81760
2023-03-19,유제품,요거트,1,17654,17654
2023-03-19,유제품,버터,9,12956,116604
2023-03-19,육류,돼지고기,2,19782,39564
2023-03-19,채소,토마토,7,3230,22610
2023-03-19,과일,키위,9,5765,51885
2023-03-19,유제품,요거트,5,14272,71360
2023-03-19,육류,소고기,4,12989,51956
2023-03-20,수산물,연어,4,19725,78900
2023-03-20,수산물,참치,10,18358,183580
2023-03-20,과일,포도,8,17260,138080
2023-03-20,과일,오렌지,7,2987,20909
2023-03-20,유제품,요거트,5,14026,70130
2023-03-20,유제품,요거트,10,8347,83470
2023-03-20,과일,망고,5,2716,13580
2023-03-20,수산물,새우,6,12460,74760
2023-03-20,과일,오렌지,2,15011,30022
2023-03-20,유제품,치즈,7,2625,18375
2023-03-20,수산물,새우,8,7078,56624
2023-03-20,수산물,조개,6,9923,59538
2023-03-20,채소,상추,9,9806,88254
2023-03-20,채소,오이,8,14558,116464
2023-03-21,과일,딸기,1,11350,11350
2023-03-21,과일,사과,9,12454,112086
2023-03-21,채소,상추,10,6454,64540
2023-03-21,과일,키위,6,11850,71100
2023-03-21,수산물,게,1,5624,5624
2023-03-21,채소,오이,1,17549,17549
2023-03-21,과일,키위,6,7509,45054
2023-03-21,수산물,게,1,3462,3462
2023-03-21,수산물,새우,6,14269,85614
2023-03-21,채소,양파,7,8384,58688
2023-03-21,채소,감자,5,18369,91845
2023-03-21,육류,닭고기,2,10603,21206
2023-03-21,과일,사과,7,15719,110033
2023-03-22,유제품,치즈,3,19850,59550
2023-03-22,유제품,버터,4,10890,43560
2023-03-22,채소,토마토,8,15231,121848
2023-03-22,수산물,조개,1,15698,15698
2023-03-22,채소,양파,3,5895,17685
2023-03-22,육류,오리고기,6,16161,96966
2023-03-22,수산물,게,4,1807,7228
2023-03-22,유제품,버터,4,5524,22096
2023-03-22,채소,토마토,2,14598,29196
2023-03-22,유제품,치즈,9,4558,41022
2023-03-22,수산물,참치,8,4575,36600
2023-03-22,육류,닭고기,7,2001,14007
2023-03-22,수산물,연어,3,10673,32019
2023-03-22,채소,감자,5,17244,86220
2023-03-22,수산물,오징어,2,5266,10532
2023-03-22,수산물,조개,6,2657,15942
2023-03-23,수산물,게,10,18831,188310
2023-03-23,채소,양파,5,10417,52085
2023-03-23,육류,닭고기,3,4722,14166
2023-03-23,유제품,우유,4,12088,48352
2023-03-23,과일,오렌지,5,18109,90545
2023-03-23,유제품,우유,4,19581,78324
2023-03-23,유제품,크림,10,14704,147040
2023-03-23,육류,양고기,7,12533,87731
2023-03-23,과일,바나나,1,15586,15586
2023-03-23,과일,사과,7,14001,98007
2023-03-23,유제품,크림,5,16406,82030
2023-03-23,육류,소고기,2,3415,6830
2023-03-23,과일,바나나,10,13662,136620
2023-03-24,과일,키위,3,9307,27921
2023-03-24,채소,감자,3,6578,19734
2023-03-24,유제품,크림,5,8381,41905
2023-03-24,수산물,연어,2,16179,32358
2023-03-24,과일,바나나,2,7197,14394
2023-03-24,유제품,치즈,1,18937,18937
2023-03-24,유제품,크림,10,7799,77990
2023-03-24,과일,딸기,10,17459,174590
2023-03-24,육류,오리고기,4,6877,27508
2023-03-24,채소,감자,8,19286,154288
2023-03-24,육류,양고기,1,14374,14374
2023-03-24,수산물,연어,8,19211,153688
2023-03-24,수산물,조개,10,5815,58150
2023-03-24,육류,양고기,6,16972,101832
2023-03-24,채소,시금치,4,2404,9616
2023-03-24,수산물,조개,3,4982,14946
2023-03-24,육류,양고기,3,13748,41244
2023-03-24,채소,오이,5,14971,74855
2023-03-25,육류,돼지고기,6,5319,31914
2023-03-25,채소,오이,6,17428,104568
2023-03-25,유제품,요거트,6,7364,44184
2023-03-25,육류,양고기,4,1931,7724
2023-03-25,과일,망고,3,15226,45678
2023-03-25,육류,소고기,4,18416,73664
2023-03-25,육류,돼지고기,2,16946,33892
2023-03-25,수산물,게,10,19243,192430
2023-03-25,수산물,오징어,2,7792,15584
2023-03-25,채소,시금치,7,5675,39725
2023-03-25,유제품,요거트,3,11680,35040
2023-03-25,수산물,조개,3,1287,3861
2023-03-25,채소,당근,4,2161,8644
2023-03-25,채소,감자,8,6983,55864
2023-03-25,수산물,새우,8,3176,25408
2023-03-25,유제품,크림,4,14721,58884
2023-03-25,채소,토마토,1,18755,18755
2023-03-25,과일,망고,5,17131,85655
2023-03-26,채소,당근,8,10009,80072
2023-03-26,유제품,치즈,3,17395,52185
2023-03-26,유제품,요거트,1,19613,19613
2023-03-26,채소,양파,2,16675,33350
2023-03-26,육류,양고기,9,5873,52857
2023-03-26,육류,돼지고기,8,10036,80288
2023-03-26,과일,키위,10,19734,197340
2023-03-26,수산물,게,6,11401,68406
2023-03-26,채소,양파,2,6543,13086
2023-03-26,과일,딸기,10,13488,134880
2023-03-26,채소,양파,2,8206,16412
2023-03-26,육류,돼지고기,1,14746,14746
2023-03-27,유제품,요거트,9,6197,55773
2023-03-27,채소,오이,5,3172,15860
2023-03-27,수산물,참치,5,4981,24905
2023-03-27,채소,감자,6,7135,42810
2023-03-27,육류,오리고기,4,8189,32756
2023-03-27,수산물,오징어,8,3776,30208
2023-03-27,과일,포도,4,8697,34788
2023-03-27,유제품,크림,5,11900,59500
2023-03-27,유제품,버터,1,8148,8148
2023-03-27,수산물,게,1,7638,7638
2023-03-27,육류,돼지고기,5,11348,56740
2023-03-27,유제품,버터,7,17999,125993
2023-03-27,유제품,치즈,1,2268,2268
2023-03-28,과일,딸기,3,6229,18687
2023-03-28,수산물,새우,4,11530,46120
2023-03-28,수산물,연어,6,10726,64356
2023-03-28,과일,망고,6,2985,17910
2023-03-28,수산물,조개,9,10462,94158
2023-03-28,과일,딸기,7,8754,61278
2023-03-28,유제품,크림,6,3575,21450
2023-03-28,유제품,버터,3,19624,58872
2023-03-28,채소,오이,1,6968,6968
2023-03-28,채소,오이,4,8493,33972
2023-03-28,수산물,새우,1,15466,15466
2023-03-28,육류,닭고기,5,6594,32970
2023-03-29,수산물,오징어,9,14990,134910
2023-03-29,육류,닭고기,6,8954,53724
2023-03-29,유제품,크림,9,14397,129573
2023-03-29,육류,양고기,5,11450,57250
2023-03-29,육류,돼지고기,10,13182,131820
2023-03-29,유제품,크림,9,14331,128979
2023-03-29,유제품,치즈,7,19186,134302
2023-03-29,채소,감자,6,10663,63978
2023-03-29,육류,소고기,10,18627,186270
2023-03-29,과일,오렌지,8,13615,108920
2023-03-29,유제품,버터,6,19350,116100
2023-03-29,유제품,크림,4,11136,44544
2023-03-29,육류,돼지고기,6,9106,54636
2023-03-30,수산물,조개,5,1599,7995
2023-03-30,과일,포도,9,4637,41733
2023-03-30,과일,딸기,6,10290,61740
2023-03-30,과일,망고,10,11762,117620
2023-03-30,육류,소고기,7,9982,69874
2023-03-30,채소,토마토,9,5633,50697
2023-03-30,과일,키위,3,8008,24024
2023-03-30,육류,닭고기,1,14007,14007
2023-03-30,육류,오리고기,8,16576,132608
2023-03-30,유제품,요거트,5,7719,38595
2023-03-30,육류,돼지고기,6,12350,74100
2023-03-30,과일,바나나,7,11064,77448
2023-03-31,과일,사과,10,18848,188480
2023-03-31,수산물,참치,6,14107,84642
2023-03-31,과일,사과,5,2211,11055
2023-03-31,채소,토마토,1,18027,18027
2023-03-31,유제품,요거트,4,11310,45240
2023-03-31,채소,양파,3,18303,54909
2023-03-31,유제품,버터,2,9947,19894
2023-03-31,유제품,치즈,9,17017,153153
2023-03-31,육류,양고기,3,9750,29250
2023-03-31,유제품,치즈,4,14840,59360
2023-03-31,채소,시금치,9,4715,42435
2023-04-01,유제품,요거트,4,16449,65796
2023-04-01,수산물,조개,1,11622,11622
2023-04-01,채소,감자,7,6209,43463
2023-04-01,수산물,게,6,8211,49266
2023-04-01,유제품,크림,2,11846,23692
2023-04-01,수산물,게,9,3080,27720
2023-04-01,채소,오이,6,18245,109470
2023-04-01,유제품,우유,6,17788,106728
2023-04-01,육류,오리고기,1,2725,2725
2023-04-01,수산물,참치,4,6606,26424
2023-04-01,수산물,오징어,6,19690,118140
2023-04-01,유제품,요거트,6,6540,39240
2023-04-01,채소,양파,10,16882,168820
2023-04-01,육류,닭고기,2,7748,15496
2023-04-01,채소,토마토,6,12348,74088
2023-04-02,유제품,버터,3,10846,32538
2023-04-02,과일,사과,10,5524,55240
2023-04-02,수산물,조개,10,4124,41240
2023-04-02,유제품,요거트,7,9134,63938
2023-04-02,수산물,새우,3,14650,43950
2023-04-02,채소,토마토,3,12781,38343
2023-04-02,육류,오리고기,3,10095,30285
2023-04-02,채소,토마토,4,10906,43624
2023-04-02,수산물,새우,8,12279,98232
2023-04-02,수산물,새우,9,7477,67293
2023-04-02,수산물,조개,9,7470,67230
2023-04-02,채소,양파,6,12671,76026
2023-04-02,과일,포도,1,3313,3313
2023-04-02,유제품,우유,9,1305,11745
2023-04-02,육류,소고기,1,2689,2689
2023-04-02,과일,딸기,9,4862,43758
2023-04-03,수산물,새우,9,6649,59841
2023-04-03,수산물,새우,2,16674,33348
2023-04-03,육류,소고기,3,2079,6237
2023-04-03,유제품,우유,8,16327,130616
2023-04-03,육류,양고기,1,8235,8235
2023-04-03,과일,바나나,3,10095,30285
2023-04-03,수산물,조개,5,16896,84480
2023-04-03,육류,돼지고기,2,10281,20562
2023-04-03,채소,시금치,2,5270,10540
2023-04-03,육류,오리고기,2,2784,5568
2023-04-03,유제품,치즈,3,10190,30570
2023-04-03,수산물,참치,6,15892,95352
2023-04-03,육류,소고기,1,12126,12126
2023-04-03,유제품,요거트,7,11171,78197
2023-04-03,유제품,우유,3,14851,44553
2023-04-03,유제품,버터,1,15745,15745
2023-04-03,유제품,요거트,3,18575,55725
2023-04-03,수산물,게,7,10211,71477
2023-04-03,육류,닭고기,8,10654,85232
2023-04-03,수산물,참치,8,7040,56320
2023-04-04,과일,키위,7,18010,126070
2023-04-04,유제품,치즈,7,2375,16625
2023-04-04,수산물,새우,2,6974,13948
2023-04-04,과일,포도,9,2882,25938
2023-04-04,수산물,오징어,2,4159,8318
2023-04-04,유제품,치즈,10,2073,20730
2023-04-04,육류,닭고기,6,10562,63372
2023-04-04,과일,포도,9,8966,80694
2023-04-04,수산물,참치,8,3159,25272
2023-04-04,수산물,조개,1,15678,15678
2023-04-04,육류,오리고기,6,7772,46632
2023-04-04,육류,소고기,9,19369,174321
2023-04-04,과일,바나나,2,9488,18976
2023-04-04,유제품,우유,6,1901,11406
2023-04-04,수산물,새우,2,14058,28116
2023-04-04,수산물,새우,1,6650,6650
2023-04-04,채소,양파,4,8036,32144
2023-04-04,수산물,새우,1,5248,5248
2023-04-05,육류,닭고기,2,13632,27264
2023-04-05,채소,오이,3,5818,17454
2023-04-05,과일,키위,3,10856,32568
2023-04-05,채소,당근,1,19255,19255
2023-04-05,육류,돼지고기,2,17252,34504
2023-04-05,수산물,게,5,6753,33765
2023-04-05,과일,오렌지,7,15622,109354
2023-04-05,채소,감자,9,5476,49284
2023-04-05,과일,망고,4,13478,53912
2023-04-05,과일,포도,9,7297,65673
2023-04-06,과일,망고,3,7008,21024
2023-04-06,육류,오리고기,7,4332,30324
2023-04-06,육류,돼지고기,2,4676,9352
2023-04-06,수산물,오징어,10,8788,87880
2023-04-06,채소,오이,9,1066,9594
2023-04-06,과일,키위,5,6730,33650
2023-04-06,수산물,조개,10,17268,172680
2023-04-06,육류,오리고기,5,15643,78215
2023-04-06,채소,상추,8,17955,143640
2023-04-06,수산물,조개,10,1178,11780
2023-04-06,수산물,연어,2,3795,7590
2023-04-06,과일,포도,2,4084,8168
2023-04-06,채소,시금치,10,2605,26050
2023-04-07,채소,당근,2,3933,7866
2023-04-07,육류,오리고기,3,15037,45111
2023-04-07,유제품,버터,3,1893,5679
2023-04-07,과일,딸기,9,2515,22635
2023-04-07,유제품,우유,3,3917,11751
2023-04-07,육류,닭고기,1,18551,18551
2023-04-07,유제품,요거트,4,2577,10308
2023-04-07,과일,망고,7,16881,118167
2023-04-07,채소,토마토,9,18297,164673
2023-04-07,수산물,게,9,2462,22158
2023-04-07,과일,키위,8,11570,92560
2023-04-07,채소,시금치,3,8037,24111
2023-04-08,육류,닭고기,6,7221,43326
2023-04-08,유제품,요거트,5,19278,96390
2023-04-08,유제품,치즈,4,6178,24712
2023-04-08,과일,포도,1,3716,3716
2023-04-08,육류,닭고기,3,7380,22140
2023-04-08,유제품,우유,6,10158,60948
2023-04-08,육류,소고기,10,9881,98810
2023-04-08,육류,오리고기,9,17766,159894
2023-04-08,과일,오렌지,5,10775,53875
2023-04-08,유제품,버터,3,9307,27921
2023-04-08,수산물,조개,1,12891,12891
2023-04-09,채소,감자,6,6454,38724
2023-04-09,유제품,요거트,4,11486,45944
2023-04-09,유제품,크림,9,9033,81297
2023-04-09,수산물,게,4,10216,40864
2023-04-09,채소,상추,9,16708,150372
2023-04-09,채소,감자,6,2990,17940
2023-04-09,수산물,조개,9,19445,175005
2023-04-09,유제품,요거트,1,14668,14668
2023-04-09,과일,키위,4,16804,67216
2023-04-09,수산물,게,3,8951,26853
2023-04-09,채소,감자,1,10130,10130
2023-04-09,과일,바나나,7,5225,36575
2023-04-09,육류,오리고기,7,2505,17535
2023-04-09,과일,망고,9,15783,142047
2023-04-09,유제품,우유,5,14799,73995
2023-04-09,과일,포도,10,3659,36590
2023-04-10,채소,시금치,6,11490,68940
2023-04-10,과일,바나나,7,7240,50680
2023-04-10,과일,딸기,4,11364,45456
2023-04-10,채소,당근,1,11345,11345
2023-04-10,과일,망고,4,8867,35468
2023-04-10,채소,시금치,2,12113,24226
2023-04-10,과일,포도,8,14329,114632
2023-04-10,수산물,연어,5,17678,88390
2023-04-10,수산물,참치,1,14390,14390
2023-04-10,채소,시금치,6,1498,8988
2023-04-10,채소,감자,10,4779,47790
2023-04-10,유제품,요거트,10,15917,159170
2023-04-10,채소,양파,4,7637,30548
2023-04-10,과일,딸기,2,3410,6820
2023-04-10,수산물,조개,10,19952,199520
2023-04-11,육류,돼지고기,3,12461,37383
2023-04-11,육류,닭고기,6,16424,98544
2023-04-11,과일,사과,8,10599,84792
2023-04-11,유제품,우유,7,8995,62965
2023-04-11,유제품,크림,6,13746,82476
2023-04-11,육류,오리고기,3,7568,22704
2023-04-11,채소,감자,1,14854,14854
2023-04-11,채소,시금치,10,5368,53680
2023-04-11,과일,망고,8,2301,18408
2023-04-11,유제품,치즈,9,9107,81963
2023-04-11,채소,당근,2,19300,38600
2023-04-11,과일,딸기,5,3757,18785
2023-04-11,수산물,연어,3,10088,30264
2023-04-11,유제품,크림,5,10743,53715
2023-04-11,육류,닭고기,6,3895,23370
2023-04-11,육류,소고기,4,17969,71876
2023-04-11,유제품,우유,9,12962,116658
2023-04-11,육류,오리고기,7,3155,22085
2023-04-11,채소,상추,4,14327,57308
2023-04-11,유제품,요거트,10,18488,184880
2023-04-12,육류,소고기,4,9320,37280
2023-04-12,수산물,참치,6,18285,109710
2023-04-12,수산물,연어,7,6529,45703
2023-04-12,수산물,오징어,10,8118,81180
2023-04-12,육류,오리고기,7,6338,44366
2023-04-12,과일,포도,2,18974,37948
2023-04-12,채소,양파,7,9997,69979
2023-04-12,수산물,참치,3,15914,47742
2023-04-12,수산물,참치,1,11754,11754
2023-04-12,채소,시금치,2,4114,8228
2023-04-12,과일,사과,4,10951,43804
2023-04-12,채소,시금치,10,5321,53210
2023-04-12,육류,오리고기,1,12360,12360
2023-04-12,채소,당근,10,15130,151300
2023-04-13,과일,망고,1,4565,4565
2023-04-13,유제품,요거트,10,8366,83660
2023-04-13,수산물,연어,7,17149,120043
2023-04-13,채소,양파,10,13388,133880
2023-04-13,유제품,크림,6,5136,30816
2023-04-13,수산물,게,8,5823,46584
2023-04-13,수산물,연어,2,6471,12942
2023-04-13,과일,딸기,8,4720,37760
2023-04-13,육류,소고기,1,19799,19799
2023-04-13,채소,당근,5,3708,18540
2023-04-13,채소,시금치,8,18296,146368
2023-04-13,채소,감자,4,3148,12592
2023-04-13,수산물,참치,1,19504,19504
2023-04-13,과일,포도,4,8162,32648
2023-04-13,육류,닭고기,9,12468,112212
2023-04-13,유제품,버터,5,5626,28130
2023-04-13,채소,토마토,10,14016,140160
2023-04-14,채소,상추,1,6599,6599
2023-04-14,수산물,새우,2,12049,24098
2023-04-14,유제품,우유,1,15923,15923
2023-04-14,과일,망고,3,6994,20982
2023-04-14,과일,망고,10,8011,80110
2023-04-14,수산물,게,7,10261,71827
2023-04-14,육류,오리고기,6,15141,90846
2023-04-14,과일,사과,9,19895,179055
2023-04-14,채소,오이,7,14147,99029
2023-04-14,육류,소고기,10,5185,51850
2023-04-14,과일,바나나,9,17684,159156
2023-04-14,육류,닭고기,4,1067,4268
2023-04-14,수산물,참치,2,17781,35562
2023-04-14,육류,소고기,10,9747,97470
2023-04-14,과일,포도,8,3941,31528
2023-04-14,채소,토마토,10,8067,80670
2023-04-14,육류,돼지고기,10,18864,188640
2023-04-14,수산물,연어,2,2299,4598
2023-04-14,유제품,치즈,7,16627,116389
2023-04-15,채소,토마토,3,12819,38457
2023-04-15,수산물,게,6,2996,17976
2023-04-15,육류,돼지고기,4,13410,53640
2023-04-15,수산물,새우,8,6190,49520
2023-04-15,유제품,버터,5,18199,90995
2023-04-15,유제품,크림,3,13665,40995
2023-04-15,수산물,조개,5,18416,92080
2023-04-15,유제품,크림,6,14465,86790
2023-04-15,수산물,조개,9,9007,81063
2023-04-15,채소,오이,3,5726,17178
2023-04-15,채소,토마토,6,1363,8178
2023-04-15,채소,양파,10,13921,139210
2023-04-15,과일,사과,3,12197,36591
2023-04-15,유제품,우유,7,14708,102956
2023-04-15,채소,감자,5,8288,41440
2023-04-15,육류,돼지고기,5,1018,5090
2023-04-15,채소,토마토,1,9521,9521
2023-04-16,수산물,새우,9,7795,70155
2023-04-16,과일,바나나,8,17121,136968
2023-04-16,유제품,버터,5,1739,8695
2023-04-16,채소,오이,4,10327,41308
2023-04-16,육류,오리고기,10,11492,114920
2023-04-16,채소,오이,6,19667,118002
2023-04-16,채소,상추,7,12283,85981
2023-04-16,과일,사과,10,14733,147330
2023-04-16,수산물,오징어,6,19987,119922
2023-04-16,채소,시금치,10,8557,85570
2023-04-16,과일,오렌지,2,16653,33306
2023-04-17,유제품,요거트,8,16047,128376
2023-04-17,수산물,게,5,7200,36000
2023-04-17,과일,오렌지,2,3779,7558
2023-04-17,과일,딸기,10,19714,197140
2023-04-17,채소,상추,9,8347,75123
2023-04-17,채소,감자,10,5938,59380
2023-04-17,채소,양파,4,17615,70460
2023-04-17,수산물,연어,5,13817,69085
2023-04-17,과일,포도,2,5497,10994
2023-04-17,수산물,게,5,9627,48135
2023-04-17,과일,오렌지,2,16577,33154
2023-04-17,육류,소고기,8,17195,137560
2023-04-17,채소,당근,2,10145,20290
2023-04-17,유제품,우유,8,1545,12360
2023-04-17,수산물,연어,8,17388,139104
2023-04-17,채소,상추,6,16372,98232
2023-04-17,유제품,크림,3,3663,10989
2023-04-18,채소,감자,2,18515,37030
2023-04-18,육류,돼지고기,5,12221,61105
2023-04-18,육류,돼지고기,5,7022,35110
2023-04-18,채소,감자,8,14515,116120
2023-04-18,육류,소고기,5,10612,53060
2023-04-18,수산물,새우,10,17179,171790
2023-04-18,수산물,연어,5,1654,8270
2023-04-18,채소,시금치,7,6159,43113
2023-04-18,육류,닭고기,4,19260,77040
2023-04-18,과일,딸기,10,12196,121960
2023-04-18,수산물,조개,5,7380,36900
2023-04-18,과일,오렌지,7,19892,139244
2023-04-18,유제품,크림,4,5711,22844
2023-04-18,수산물,참치,9,15635,140715
2023-04-18,육류,돼지고기,5,2007,10035
2023-04-18,과일,딸기,9,11763,105867
2023-04-18,수산물,게,4,12957,51828
2023-04-18,육류,닭고기,5,1877,9385
2023-04-18,채소,오이,7,18772,131404
2023-04-18,채소,상추,10,9613,96130
2023-04-19,수산물,연어,7,12831,89817
2023-04-19,과일,포도,3,14994,44982
2023-04-19,과일,망고,6,19830,118980
2023-04-19,수산물,조개,3,5277,15831
2023-04-19,유제품,요거트,6,16198,97188
2023-04-19,채소,토마토,9,4681,42129
2023-04-19,육류,오리고기,3,17956,53868
2023-04-19,수산물,참치,3,6629,19887
2023-04-19,과일,망고,2,2997,5994
2023-04-19,육류,오리고기,9,5524,49716
2023-04-19,채소,시금치,10,4407,44070
2023-04-19,육류,양고기,5,3911,19555
2023-04-19,채소,양파,8,9098,72784
2023-04-20,채소,양파,6,2173,13038
2023-04-20,육류,소고기,9,1835,16515
2023-04-20,채소,양파,8,4815,38520
2023-04-20,유제품,치즈,2,5022,10044
2023-04-20,과일,딸기,10,4151,41510
2023-04-20,과일,망고,4,16823,67292
2023-04-20,육류,양고기,3,16728,50184
2023-04-20,채소,양파,2,6755,13510
2023-04-20,과일,딸기,7,19231,134617
2023-04-20,육류,양고기,10,13118,131180
2023-04-20,수산물,오징어,7,15863,111041
2023-04-20,수산물,조개,1,4057,4057
2023-04-20,수산물,조개,3,9605,28815
2023-04-20,수산물,참치,4,1867,7468
2023-04-20,육류,양고기,3,1364,4092
2023-04-20,육류,소고기,5,17963,89815
2023-04-20,유제품,요거트,2,7468,14936
2023-04-20,채소,감자,9,13236,119124
2023-04-20,수산물,참치,10,14833,148330
2023-04-21,유제품,버터,3,18264,54792
2023-04-21,수산물,게,5,17136,85680
2023-04-21,과일,포도,10,16032,160320
2023-04-21,육류,오리고기,8,11386,91088
2023-04-21,육류,돼지고기,1,17012,17012
2023-04-21,과일,키위,1,4875,4875
2023-04-21,채소,토마토,10,17645,176450
2023-04-21,과일,사과,7,5025,35175
2023-04-21,유제품,크림,8,10174,81392
2023-04-21,육류,양고기,6,1693,10158
2023-04-21,과일,딸기,5,19196,95980
2023-04-21,채소,시금치,6,14368,86208
2023-04-21,수산물,새우,1,15572,15572
2023-04-21,유제품,요거트,5,8394,41970
2023-04-21,과일,오렌지,9,13926,125334
2023-04-22,수산물,오징어,4,14509,58036
2023-04-22,유제품,크림,1,16958,16958
2023-04-22,과일,사과,2,11514,23028
2023-04-22,유제품,요거트,10,17698,176980
2023-04-22,육류,소고기,1,5378,5378
2023-04-22,채소,시금치,4,14330,57320
2023-04-22,과일,포도,7,9949,69643
2023-04-22,유제품,우유,7,7567,52969
2023-04-22,수산물,오징어,6,8837,53022
2023-04-22,육류,양고기,8,19376,155008
2023-04-22,육류,닭고기,8,5109,40872
2023-04-22,수산물,참치,10,18106,181060
2023-04-22,육류,돼지고기,1,5893,5893
2023-04-22,유제품,치즈,7,9400,65800
2023-04-22,과일,망고,9,15606,140454
2023-04-23,육류,오리고기,3,19133,57399
2023-04-23,유제품,치즈,4,4392,17568
2023-04-23,수산물,연어,1,18929,18929
2023-04-23,유제품,치즈,7,3939,27573
2023-04-23,채소,상추,2,17378,34756
2023-04-23,과일,포도,2,2502,5004
2023-04-23,채소,시금치,4,18809,75236
2023-04-23,육류,닭고기,9,11234,101106
2023-04-23,과일,키위,8,14490,115920
2023-04-23,유제품,요거트,5,6517,32585
2023-04-23,육류,양고기,7,4539,31773
2023-04-23,과일,딸기,2,7378,14756
2023-04-23,육류,오리고기,6,5163,30978
2023-04-23,과일,사과,7,6470,45290
2023-04-23,육류,돼지고기,5,6739,33695
2023-04-23,채소,감자,6,7523,45138
2023-04-23,육류,돼지고기,2,13873,27746
2023-04-24,과일,딸기,7,1317,9219
2023-04-24,과일,망고,3,8419,25257
2023-04-24,유제품,요거트,6,16857,101142
2023-04-24,수산물,참치,3,9061,27183
2023-04-24,채소,토마토,6,8857,53142
2023-04-24,수산물,참치,3,19645,58935
2023-04-24,채소,당근,3,17892,53676
2023-04-24,육류,오리고기,1,14830,14830
2023-04-24,수산물,참치,4,8398,33592
2023-04-24,과일,딸기,6,17708,106248
2023-04-24,채소,양파,3,11775,35325
2023-04-24,육류,닭고기,3,1687,5061
2023-04-24,유제품,버터,9,12559,113031
2023-04-24,수산물,오징어,6,6904,41424
2023-04-24,육류,소고기,3,19256,57768
2023-04-24,과일,바나나,9,13467,121203
2023-04-24,채소,토마토,10,3581,35810
2023-04-24,유제품,치즈,3,19827,59481
2023-04-24,수산물,오징어,7,12814,89698
2023-04-25,과일,포도,8,6065,48520
2023-04-25,과일,사과,8,4407,35256
2023-04-25,수산물,새우,3,11109,33327
2023-04-25,수산물,참치,10,11401,114010
2023-04-25,유제품,치즈,7,6185,43295
2023-04-25,과일,망고,4,11680,46720
2023-04-25,채소,감자,9,7539,67851
2023-04-25,과일,포도,6,9060,54360
2023-04-25,유제품,요거트,6,19259,115554
2023-04-25,과일,망고,1,6408,6408
2023-04-25,채소,시금치,5,3833,19165
2023-04-25,수산물,조개,3,11889,35667
2023-04-25,채소,당근,2,7368,14736
2023-04-25,유제품,요거트,2,19316,38632
2023-04-25,과일,오렌지,5,14403,72015
2023-04-25,수산물,조개,4,8959,35836
2023-04-25,수산물,새우,10,1922,19220
2023-04-25,채소,시금치,10,1564,15640
2023-04-26,수산물,오징어,2,4636,9272
2023-04-26,채소,시금치,3,19312,57936
2023-04-26,수산물,게,10,19610,196100
2023-04-26,육류,닭고기,8,7207,57656
2023-04-26,수산물,오징어,1,2893,2893
2023-04-26,채소,당근,1,18509,18509
2023-04-26,채소,당근,4,5042,20168
2023-04-26,채소,당근,1,3658,3658
2023-04-26,유제품,버터,7,3944,27608
2023-04-26,과일,오렌지,6,9787,58722
2023-04-26,유제품,치즈,2,4007,8014
2023-04-26,채소,오이,9,2211,19899
2023-04-26,수산물,참치,2,16011,32022
2023-04-26,수산물,연어,6,17770,106620
2023-04-26,채소,오이,10,6820,68200
2023-04-26,수산물,조개,10,3302,33020
2023-04-26,육류,돼지고기,8,16620,132960
2023-04-26,유제품,우유,5,5958,29790
2023-04-26,수산물,새우,5,17821,89105
2023-04-26,유제품,요거트,10,12437,124370
2023-04-27,유제품,우유,5,16167,80835
2023-04-27,수산물,새우,6,19366,116196
2023-04-27,수산물,오징어,8,8225,65800
2023-04-27,채소,양파,9,16965,152685
2023-04-27,채소,감자,6,13067,78402
2023-04-27,육류,오리고기,6,9740,58440
2023-04-27,과일,포도,6,5507,33042
2023-04-27,수산물,연어,9,4320,38880
2023-04-27,유제품,크림,10,18948,189480
2023-04-27,유제품,우유,8,1726,13808
2023-04-27,수산물,조개,10,12910,129100
2023-04-27,채소,토마토,9,17666,158994
2023-04-27,채소,상추,2,11776,23552
2023-04-27,과일,포도,1,16958,16958
2023-04-27,채소,감자,4,5760,23040
2023-04-27,수산물,새우,6,1564,9384
2023-04-27,채소,감자,10,14393,143930
2023-04-27,채소,토마토,6,1804,10824
2023-04-28,육류,소고기,1,7016,7016
2023-04-28,수산물,오징어,9,8938,80442
2023-04-28,유제품,버터,10,3892,38920
2023-04-28,과일,망고,10,18943,189430
2023-04-28,육류,양고기,8,3063,24504
2023-04-28,유제품,우유,3,16566,49698
2023-04-28,과일,바나나,1,18987,18987
2023-04-28,유제품,크림,3,19825,59475
2023-04-28,유제품,요거트,2,10318,20636
2023-04-28,과일,바나나,2,16574,33148
2023-04-28,유제품,치즈,7,3096,21672
2023-04-28,채소,양파,5,17559,87795
2023-04-28,채소,양파,7,13191,92337
2023-04-29,육류,돼지고기,5,19207,96035
2023-04-29,육류,오리고기,1,7199,7199
2023-04-29,유제품,버터,9,2752,24768
2023-04-29,채소,당근,1,14951,14951
2023-04-29,유제품,치즈,4,6795,27180
2023-04-29,육류,양고기,4,8633,34532
2023-04-29,채소,양파,2,3113,6226
2023-04-29,수산물,오징어,7,2582,18074
2023-04-29,수산물,게,10,2620,26200
2023-04-29,과일,딸기,3,6192,18576
2023-04-29,과일,포도,2,1237,2474
2023-04-29,유제품,우유,3,12110,36330
2023-04-29,채소,시금치,3,11195,33585
2023-04-30,유제품,우유,3,14434,43302
2023-04-30,수산물,참치,4,17924,71696
2023-04-30,육류,닭고기,5,9697,48485
2023-04-30,채소,감자,1,14100,14100
2023-04-30,채소,양파,1,5067,5067
2023-04-30,육류,돼지고기,9,10244,92196
2023-04-30,수산물,참치,9,16502,148518
2023-04-30,채소,오이,4,14041,56164
2023-04-30,과일,사과,7,1719,12033
2023-04-30,유제품,치즈,3,14161,42483
2023-04-30,수산물,참치,2,5207,10414
2023-05-01,과일,키위,4,10078,40312
2023-05-01,과일,딸기,4,5615,22460
2023-05-01,육류,돼지고기,5,16733,83665
2023-05-01,수산물,조개,9,11473,103257
2023-05-01,과일,키위,3,17925,53775
2023-05-01,채소,토마토,3,15588,46764
2023-05-01,과일,바나나,2,2560,5120
2023-05-01,유제품,크림,7,6419,44933
2023-05-01,유제품,우유,2,2468,4936
2023-05-01,과일,딸기,2,11591,23182
2023-05-01,채소,오이,5,9249,46245
2023-05-01,채소,토마토,10,1767,17670
2023-05-01,유제품,우유,2,16332,32664
2023-05-01,유제품,크림,3,3073,9219
2023-05-01,과일,키위,8,18194,145552
2023-05-01,육류,돼지고기,1,11955,11955
2023-05-01,과일,딸기,2,11762,23524
2023-05-01,채소,감자,2,9788,19576
2023-05-02,육류,양고기,6,8866,53196
2023-05-02,채소,당근,8,10825,86600
2023-05-02,과일,망고,9,8282,74538
2023-05-02,육류,소고기,3,7986,23958
2023-05-02,유제품,치즈,8,9159,73272
2023-05-02,채소,당근,3,11111,33333
2023-05-02,채소,감자,7,8968,62776
2023-05-02,유제품,크림,3,8776,26328
2023-05-02,채소,토마토,8,14956,119648
2023-05-02,채소,토마토,5,8856,44280
2023-05-02,채소,오이,6,4022,24132
2023-05-02,수산물,오징어,1,6738,6738
2023-05-02,과일,오렌지,2,10969,21938
2023-05-03,채소,오이,7,18136,126952
2023-05-03,채소,양파,6,15385,92310
2023-05-03,채소,감자,9,18479,166311
2023-05-03,육류,돼지고기,1,2782,2782
2023-05-03,수산물,참치,6,15485,92910
2023-05-03,채소,시금치,3,4981,14943
2023-05-03,유제품,요거트,9,14012,126108
2023-05-03,과일,바나나,5,17634,88170
2023-05-03,과일,망고,4,8064,32256
2023-05-03,수산물,참치,3,2209,6627
2023-05-03,채소,당근,6,19562,117372
2023-05-03,채소,당근,6,16791,100746
2023-05-03,과일,오렌지,3,5710,17130
2023-05-03,과일,딸기,5,14122,70610
2023-05-04,과일,키위,4,18348,73392
2023-05-04,과일,오렌지,2,6643,13286
2023-05-04,수산물,연어,2,18700,37400
2023-05-04,수산물,새우,6,1355,8130
2023-05-04,유제품,요거트,3,15831,47493
2023-05-04,육류,돼지고기,9,6839,61551
2023-05-04,채소,양파,3,18622,55866
2023-05-04,채소,상추,3,8399,25197
2023-05-04,채소,오이,3,13031,39093
2023-05-04,과일,사과,5,16682,83410
2023-05-04,채소,감자,9,12045,108405
2023-05-04,수산물,연어,1,18812,18812
2023-05-04,유제품,요거트,6,4071,24426
2023-05-04,육류,양고기,1,3686,3686
2023-05-04,유제품,요거트,4,14186,56744
2023-05-04,육류,양고기,2,19733,39466
2023-05-04,수산물,연어,5,6188,30940
2023-05-04,유제품,치즈,1,6057,6057
2023-05-04,과일,망고,5,15450,77250
2023-05-04,육류,양고기,7,18784,131488
2023-05-05,과일,오렌지,3,1870,5610
2023-05-05,수산물,조개,10,3739,37390
2023-05-05,수산물,조개,4,5133,20532
2023-05-05,육류,돼지고기,9,4457,40113
2023-05-05,과일,바나나,6,10896,65376
2023-05-05,과일,오렌지,1,16872,16872
2023-05-05,유제품,크림,3,13171,39513
2023-05-05,과일,사과,3,10506,31518
2023-05-05,육류,오리고기,2,8957,17914
2023-05-05,수산물,연어,6,19818,118908
2023-05-05,육류,오리고기,4,2438,9752
2023-05-06,과일,바나나,4,14809,59236
2023-05-06,육류,양고기,10,10133,101330
2023-05-06,육류,소고기,8,14809,118472
2023-05-06,채소,오이,2,2550,5100
2023-05-06,육류,소고기,5,13501,67505
2023-05-06,과일,바나나,8,14265,114120
2023-05-06,과일,바나나,7,4161,29127
2023-05-06,수산물,오징어,7,10215,71505
2023-05-06,채소,감자,7,16092,112644
2023-05-06,과일,사과,9,16638,149742
2023-05-06,과일,오렌지,1,3233,3233
2023-05-06,수산물,오징어,3,8860,26580
2023-05-06,수산물,참치,7,15781,110467
2023-05-06,과일,망고,8,6649,53192
2023-05-07,과일,포도,6,15352,92112
2023-05-07,유제품,치즈,6,10186,61116
2023-05-07,수산물,참치,4,8875,35500
2023-05-07,채소,감자,8,6972,55776
2023-05-07,유제품,치즈,10,10980,109800
2023-05-07,과일,망고,3,14305,42915
2023-05-07,육류,닭고기,1,12953,12953
2023-05-07,유제품,버터,1,10503,10503
2023-05-07,과일,키위,8,6402,51216
2023-05-07,육류,소고기,2,2672,5344
2023-05-07,육류,오리고기,6,13546,81276
2023-05-07,육류,소고기,7,5864,41048
2023-05-07,수산물,게,2,11702,23404
2023-05-07,수산물,참치,9,4253,38277
2023-05-07,채소,시금치,8,10951,87608
2023-05-07,과일,키위,8,12683,101464
2023-05-07,채소,오이,6,13122,78732
2023-05-07,과일,오렌지,4,9529,38116
2023-05-08,수산물,참치,9,19939,179451
2023-05-08,유제품,버터,6,6993,41958
2023-05-08,유제품,크림,3,14546,43638
2023-05-08,유제품,우유,7,13886,97202
2023-05-08,유제품,버터,5,3510,17550
2023-05-08,수산물,참치,10,4435,44350
2023-05-08,채소,토마토,4,16153,64612
2023-05-08,유제품,요거트,3,3971,11913
2023-05-08,채소,당근,8,10628,85024
2023-05-08,유제품,크림,2,19870,39740
2023-05-08,채소,상추,6,2737,16422
2023-05-09,과일,오렌지,3,10126,30378
2023-05-09,육류,닭고기,7,12434,87038
2023-05-09,유제품,크림,4,18558,74232
2023-05-09,수산물,조개,4,13388,53552
2023-05-09,수산물,참치,2,9434,18868
2023-05-09,과일,사과,2,2541,5082
2023-05-09,유제품,버터,4,4083,16332
2023-05-09,수산물,참치,2,18806,37612
2023-05-09,수산물,연어,7,19653,137571
2023-05-09,육류,양고기,1,10631,10631
2023-05-09,유제품,치즈,2,12095,24190
2023-05-09,수산물,게,2,8847,17694
2023-05-10,과일,바나나,9,2386,21474
2023-05-10,육류,양고기,7,11196,78372
2023-05-10,채소,당근,6,13962,83772
2023-05-10,육류,오리고기,10,11618,116180
2023-05-10,채소,상추,2,3327,6654
2023-05-10,채소,상추,5,8642,43210
2023-05-10,육류,오리고기,1,6424,6424
2023-05-10,채소,상추,8,5782,46256
2023-05-10,채소,양파,5,3983,19915
2023-05-10,육류,양고기,5,16089,80445
2023-05-10,육류,돼지고기,2,18771,37542
2023-05-10,과일,망고,6,13955,83730
2023-05-10,수산물,새우,10,13537,135370
2023-05-10,육류,닭고기,8,1834,14672
2023-05-10,수산물,게,2,5498,10996
2023-05-10,채소,양파,3,17593,52779
2023-05-10,과일,포도,10,1792,17920
2023-05-10,육류,양고기,9,16762,150858
2023-05-10,유제품,요거트,4,16346,65384
2023-05-10,유제품,버터,5,2658,13290
2023-05-11,채소,당근,6,19178,115068
2023-05-11,수산물,연어,2,6578,13156
2023-05-11,채소,토마토,6,4845,29070
2023-05-11,유제품,치즈,8,12484,99872
2023-05-11,유제품,요거트,9,12630,113670
2023-05-11,채소,오이,1,1737,1737
2023-05-11,육류,오리고기,6,15779,94674
2023-05-11,과일,망고,6,18643,111858
2023-05-11,수산물,새우,1,14863,14863
2023-05-11,수산물,연어,8,7519,60152
2023-05-12,유제품,요거트,7,15772,110404
2023-05-12,육류,돼지고기,9,8490,76410
2023-05-12,육류,돼지고기,6,12914,77484
2023-05-12,유제품,치즈,1,18709,18709
2023-05-12,수산물,새우,8,18953,151624
2023-05-12,육류,소고기,1,4758,4758
2023-05-12,육류,오리고기,9,2824,25416
2023-05-12,육류,소고기,5,19105,95525
2023-05-12,수산물,조개,10,4845,48450
2023-05-12,유제품,우유,1,10491,10491
2023-05-12,과일,망고,8,12785,102280
2023-05-12,과일,사과,9,3242,29178
2023-05-12,유제품,버터,10,14322,143220
2023-05-12,육류,오리고기,10,18207,182070
2023-05-12,과일,키위,4,9989,39956
2023-05-12,육류,닭고기,4,6534,26136
2023-05-13,유제품,버터,4,14391,57564
2023-05-13,수산물,새우,8,4641,37128
2023-05-13,수산물,새우,7,9587,67109
2023-05-13,유제품,요거트,10,11471,114710
2023-05-13,과일,사과,2,10196,20392
2023-05-13,수산물,오징어,9,13944,125496
2023-05-13,채소,오이,2,19062,38124
2023-05-13,과일,딸기,10,14451,144510
2023-05-13,수산물,연어,7,8903,62321
2023-05-13,유제품,우유,7,11860,83020
2023-05-13,수산물,참치,6,10604,63624
2023-05-13,수산물,오징어,9,18778,169002
2023-05-13,유제품,치즈,7,4190,29330
2023-05-13,채소,상추,8,18459,147672
2023-05-13,유제품,우유,1,18193,18193
2023-05-14,육류,돼지고기,1,11874,11874
2023-05-14,수산물,참치,4,6264,25056
2023-05-14,유제품,크림,9,13190,118710
2023-05-14,육류,양고기,7,11150,78050
2023-05-14,채소,토마토,9,9593,86337
2023-05-14,채소,토마토,4,12426,49704
2023-05-14,채소,상추,8,18725,149800
2023-05-14,수산물,참치,8,11218,89744
2023-05-14,채소,양파,5,9795,48975
2023-05-14,유제품,버터,5,15984,79920
2023-05-14,채소,당근,6,8213,49278
2023-05-14,유제품,버터,3,10549,31647
2023-05-14,수산물,참치,2,16690,33380
2023-05-14,과일,망고,6,2963,17778
2023-05-14,채소,감자,7,1889,13223
2023-05-14,과일,키위,7,17006,119042
2023-05-14,과일,포도,3,12258,36774
2023-05-14,육류,돼지고기,1,2067,2067
2023-05-14,육류,소고기,10,15178,151780
2023-05-14,육류,돼지고기,1,7371,7371
2023-05-15,채소,당근,6,18221,109326
2023-05-15,유제품,우유,2,17740,35480
2023-05-15,과일,키위,5,5647,28235
2023-05-15,유제품,치즈,2,11420,22840
2023-05-15,유제품,치즈,6,16599,99594
2023-05-15,채소,토마토,7,10727,75089
2023-05-15,과일,사과,10,18261,182610
2023-05-15,과일,사과,4,17676,70704
2023-05-15,육류,소고기,7,3686,25802
2023-05-15,채소,양파,7,3272,22904
2023-05-15,채소,당근,9,16371,147339
2023-05-15,유제품,버터,4,4291,17164
2023-05-15,과일,포도,7,5690,39830
2023-05-15,채소,오이,7,5439,38073
2023-05-15,과일,딸기,2,10670,21340
2023-05-15,유제품,크림,2,11766,23532
2023-05-16,유제품,요거트,7,11435,80045
2023-05-16,유제품,크림,2,11255,22510
2023-05-16,수산물,조개,1,16764,16764
2023-05-16,육류,양고기,3,6062,18186
2023-05-16,수산물,조개,2,13229,26458
2023-05-16,수산물,참치,7,13280,92960
2023-05-16,유제품,치즈,7,4777,33439
2023-05-16,유제품,버터,10,18733,187330
2023-05-16,과일,사과,5,7941,39705
2023-05-16,과일,사과,1,6246,6246
2023-05-16,과일,오렌지,6,19961,119766
2023-05-16,채소,토마토,1,14644,14644
2023-05-16,수산물,오징어,1,18459,18459
2023-05-16,유제품,요거트,9,7861,70749
2023-05-16,유제품,우유,7,17988,125916
2023-05-16,육류,오리고기,10,5916,59160
2023-05-16,과일,키위,9,6622,59598
2023-05-16,수산물,오징어,4,18100,72400
2023-05-17,수산물,연어,10,15605,156050
2023-05-17,육류,소고기,5,2069,10345
2023-05-17,육류,오리고기,8,12736,101888
2023-05-17,유제품,우유,2,2102,4204
2023-05-17,육류,돼지고기,2,6781,13562
2023-05-17,과일,오렌지,1,9780,9780
2023-05-17,유제품,우유,8,5846,46768
2023-05-17,유제품,우유,3,7605,22815
2023-05-17,육류,양고기,1,11416,11416
2023-05-17,수산물,연어,7,2875,20125
2023-05-17,유제품,우유,9,13489,121401
2023-05-17,채소,당근,6,15691,94146
2023-05-17,육류,닭고기,7,17406,121842
2023-05-17,유제품,요거트,9,9940,89460
2023-05-17,수산물,게,1,11629,11629
2023-05-18,과일,사과,10,13231,132310
2023-05-18,유제품,크림,6,16605,99630
2023-05-18,유제품,요거트,1,6435,6435
2023-05-18,육류,돼지고기,6,4241,25446
2023-05-18,채소,시금치,7,6411,44877
2023-05-18,육류,소고기,2,12688,25376
2023-05-18,채소,양파,7,13041,91287
2023-05-18,육류,돼지고기,6,17654,105924
2023-05-18,유제품,치즈,6,12586,75516
2023-05-18,유제품,크림,4,6257,25028
2023-05-18,과일,바나나,2,13881,27762
2023-05-19,과일,바나나,8,10258,82064
2023-05-19,채소,시금치,6,16754,100524
2023-05-19,과일,바나나,8,3514,28112
2023-05-19,채소,오이,4,5566,22264
2023-05-19,수산물,오징어,6,12345,74070
2023-05-19,과일,키위,1,13055,13055
2023-05-19,육류,오리고기,8,4003,32024
2023-05-19,수산물,조개,8,7581,60648
2023-05-19,채소,감자,6,10965,65790
2023-05-19,과일,사과,3,19218,57654
2023-05-19,수산물,조개,1,17057,17057
2023-05-19,채소,토마토,3,4258,12774
2023-05-19,채소,상추,10,16775,167750
2023-05-20,채소,당근,1,1055,1055
2023-05-20,수산물,참치,10,4201,42010
2023-05-20,과일,키위,8,1966,15728
2023-05-20,육류,닭고기,9,16893,152037
2023-05-20,채소,상추,1,6684,6684
2023-05-20,유제품,버터,8,17940,143520
2023-05-20,육류,소고기,9,3047,27423
2023-05-20,채소,토마토,10,17682,176820
2023-05-20,과일,키위,3,16407,49221
2023-05-20,수산물,연어,3,16908,50724
2023-05-20,유제품,크림,1,3261,3261
2023-05-20,수산물,조개,1,14085,14085
2023-05-20,육류,양고기,2,18770,37540
2023-05-20,과일,바나나,8,10719,85752
2023-05-20,육류,오리고기,4,12864,51456
2023-05-20,수산물,참치,8,7849,62792
2023-05-20,과일,바나나,3,18608,55824
2023-05-20,육류,닭고기,9,15310,137790
2023-05-20,수산물,참치,1,16401,16401
2023-05-21,과일,딸기,3,17824,53472
2023-05-21,수산물,연어,10,12157,121570
2023-05-21,과일,망고,7,5663,39641
2023-05-21,육류,소고기,9,17246,155214
2023-05-21,채소,시금치,9,19491,175419
2023-05-21,수산물,연어,1,5677,5677
2023-05-21,수산물,참치,9,4133,37197
2023-05-21,수산물,참치,4,15158,60632
2023-05-21,채소,토마토,5,14003,70015
2023-05-21,유제품,요거트,5,6660,33300
2023-05-21,채소,감자,10,2702,27020
2023-05-21,채소,양파,7,12139,84973
2023-05-21,육류,오리고기,4,16702,66808
2023-05-21,과일,바나나,1,3401,3401
2023-05-22,수산물,참치,6,11067,66402
2023-05-22,과일,포도,1,14444,14444
2023-05-22,과일,딸기,7,6615,46305
2023-05-22,수산물,새우,1,3956,3956
2023-05-22,유제품,버터,10,6087,60870
2023-05-22,유제품,크림,1,14806,14806
2023-05-22,과일,바나나,8,10108,80864
2023-05-22,수산물,새우,2,3756,7512
2023-05-22,과일,오렌지,4,13847,55388
2023-05-22,과일,바나나,5,17256,86280
2023-05-22,육류,양고기,6,18273,109638
2023-05-22,과일,오렌지,9,10173,91557
2023-05-22,육류,돼지고기,2,9234,18468
2023-05-22,채소,상추,6,10969,65814
2023-05-22,채소,상추,2,10972,21944
2023-05-22,채소,오이,5,15855,79275
2023-05-23,수산물,참치,3,16738,50214
2023-05-23,유제품,크림,4,11131,44524
2023-05-23,수산물,참치,9,3889,35001
2023-05-23,채소,감자,9,12934,116406
2023-05-23,채소,시금치,4,8612,34448
2023-05-23,수산물,게,4,14934,59736
2023-05-23,과일,오렌지,3,2861,8583
2023-05-23,수산물,새우,9,12367,111303
2023-05-23,유제품,요거트,8,6909,55272
2023-05-23,과일,오렌지,10,18064,180640
2023-05-23,육류,오리고기,9,9001,81009
2023-05-23,채소,양파,3,9872,29616
2023-05-23,수산물,조개,6,5922,35532
2023-05-23,과일,바나나,6,16015,96090
2023-05-23,채소,토마토,5,3024,15120
2023-05-23,채소,시금치,4,11082,44328
2023-05-23,채소,시금치,6,5491,32946
2023-05-23,수산물,연어,3,10546,31638
2023-05-23,수산물,연어,3,18677,56031
2023-05-24,과일,키위,10,4175,41750
2023-05-24,채소,감자,2,13222,26444
2023-05-24,수산물,새우,8,17091,136728
2023-05-24,유제품,치즈,6,16248,97488
2023-05-24,유제품,우유,5,17331,86655
2023-05-24,수산물,새우,4,19722,78888
2023-05-24,수산물,게,4,7791,31164
2023-05-24,육류,닭고기,8,18253,146024
2023-05-24,육류,닭고기,5,9627,48135
2023-05-24,육류,양고기,4,4144,16576
2023-05-24,육류,양고기,9,17460,157140
2023-05-25,채소,오이,7,16835,117845
2023-05-25,채소,당근,8,12340,98720
2023-05-25,채소,토마토,5,3625,18125
2023-05-25,채소,상추,6,8737,52422
2023-05-25,과일,사과,4,8310,33240
2023-05-25,과일,사과,8,18853,150824
2023-05-25,수산물,게,2,11960,23920
2023-05-25,유제품,버터,3,10852,32556
2023-05-25,육류,양고기,5,19608,98040
2023-05-25,유제품,우유,3,2312,6936
2023-05-25,유제품,버터,2,6374,12748
2023-05-25,육류,소고기,7,5083,35581
2023-05-25,채소,상추,6,18325,109950
2023-05-25,과일,키위,9,13213,118917
2023-05-25,과일,오렌지,2,9853,19706
2023-05-25,육류,소고기,8,15893,127144
2023-05-25,과일,바나나,9,4414,39726
2023-05-25,수산물,조개,9,2543,22887
2023-05-25,수산물,오징어,1,13597,13597
2023-05-26,채소,시금치,9,7722,69498
2023-05-26,채소,양파,7,7766,54362
2023-05-26,과일,오렌지,9,2648,23832
2023-05-26,수산물,새우,9,11588,104292
2023-05-26,유제품,크림,7,13363,93541
2023-05-26,육류,오리고기,3,13616,40848
2023-05-26,채소,양파,7,12161,85127
2023-05-26,채소,시금치,7,3810,26670
2023-05-26,수산물,연어,3,8999,26997
2023-05-26,육류,소고기,6,12665,75990
2023-05-26,유제품,우유,8,17182,137456
2023-05-26,수산물,새우,4,4688,18752
2023-05-26,채소,토마토,4,11237,44948
2023-05-27,수산물,오징어,2,6611,13222
2023-05-27,수산물,오징어,9,14716,132444
2023-05-27,과일,오렌지,9,7449,67041
2023-05-27,과일,오렌지,4,14663,58652
2023-05-27,과일,키위,1,18616,18616
2023-05-27,과일,오렌지,8,13676,109408
2023-05-27,과일,오렌지,3,8446,25338
2023-05-27,과일,키위,2,2409,4818
2023-05-27,과일,바나나,10,16704,167040
2023-05-27,채소,시금치,8,7766,62128
2023-05-27,유제품,요거트,2,18690,37380
2023-05-27,채소,당근,7,17880,125160
2023-05-27,육류,양고기,5,2344,11720
2023-05-27,육류,소고기,1,11585,11585
2023-05-27,과일,망고,7,2695,18865
2023-05-27,육류,오리고기,2,2403,4806
2023-05-27,유제품,크림,8,1010,8080
2023-05-27,유제품,요거트,9,15746,141714
2023-05-28,육류,양고기,1,14662,14662
2023-05-28,육류,돼지고기,5,2789,13945
2023-05-28,수산물,참치,6,5838,35028
2023-05-28,과일,키위,8,5299,42392
2023-05-28,수산물,게,7,12317,86219
2023-05-28,육류,돼지고기,9,8433,75897
2023-05-28,채소,오이,7,18565,129955
2023-05-28,수산물,새우,2,5394,10788
2023-05-28,수산물,오징어,5,12319,61595
2023-05-28,육류,양고기,9,13006,117054
2023-05-28,채소,오이,7,1446,10122
2023-05-28,수산물,조개,8,6931,55448
2023-05-28,유제품,요거트,10,2245,22450
2023-05-28,과일,키위,1,13856,13856
2023-05-28,채소,당근,2,3801,7602
2023-05-28,채소,상추,7,7038,49266
2023-05-28,채소,당근,9,1364,12276
2023-05-28,과일,망고,7,10096,70672
2023-05-29,유제품,치즈,1,13638,13638
2023-05-29,육류,돼지고기,9,18570,167130
2023-05-29,수산물,조개,1,6344,6344
2023-05-29,육류,오리고기,6,17865,107190
2023-05-29,유제품,치즈,6,17627,105762
2023-05-29,과일,포도,4,1865,7460
2023-05-29,채소,감자,7,5018,35126
2023-05-29,과일,오렌지,5,4770,23850
2023-05-29,육류,돼지고기,8,6372,50976
2023-05-29,수산물,새우,3,1148,3444
2023-05-29,유제품,요거트,3,14591,43773
2023-05-29,채소,오이,8,13779,110232
2023-05-29,육류,돼지고기,1,10795,10795
2023-05-29,육류,오리고기,4,19761,79044
2023-05-29,과일,망고,3,4182,12546
2023-05-29,채소,양파,9,3586,32274
2023-05-29,과일,바나나,6,13544,81264
2023-05-29,수산물,새우,7,16012,112084
2023-05-29,유제품,요거트,3,16321,48963
2023-05-30,채소,상추,1,5893,5893
2023-05-30,수산물,새우,4,2785,11140
2023-05-30,채소,양파,7,17679,123753
2023-05-30,과일,딸기,5,16160,80800
2023-05-30,과일,딸기,7,1986,13902
2023-05-30,과일,망고,10,9027,90270
2023-05-30,수산물,연어,10,8939,89390
2023-05-30,과일,키위,8,13561,108488
2023-05-30,유제품,우유,7,13411,93877
2023-05-30,채소,양파,9,16234,146106
2023-05-30,채소,양파,2,2559,5118
2023-05-30,육류,돼지고기,8,19074,152592
2023-05-30,수산물,게,7,4006,28042
2023-05-30,채소,양파,8,5611,44888
2023-05-30,수산물,연어,1,16082,16082
2023-05-30,채소,상추,6,9378,56268
2023-05-31,육류,돼지고기,5,8432,42160
2023-05-31,유제품,치즈,6,5725,34350
2023-05-31,수산물,게,8,14269,114152
2023-05-31,수산물,새우,2,7131,14262
2023-05-31,채소,오이,10,14091,140910
2023-05-31,채소,시금치,10,1559,15590
2023-05-31,채소,감자,1,16261,16261
2023-05-31,수산물,오징어,1,15574,15574
2023-05-31,과일,키위,9,13697,123273
2023-05-31,수산물,새우,1,2832,2832
2023-06-01,과일,사과,8,15912,127296
2023-06-01,육류,오리고기,8,1256,10048
2023-06-01,채소,감자,3,19480,58440
2023-06-01,유제품,버터,2,2975,5950
2023-06-01,과일,딸기,4,13048,52192
2023-06-01,과일,딸기,4,7786,31144
2023-06-01,유제품,우유,2,18360,36720
2023-06-01,채소,오이,10,5512,55120
2023-06-01,유제품,버터,6,9983,59898
2023-06-01,수산물,게,2,10280,20560
2023-06-01,과일,키위,1,13888,13888
2023-06-01,육류,오리고기,3,11778,35334
2023-06-01,채소,오이,10,4614,46140
2023-06-01,유제품,버터,9,5332,47988
2023-06-01,유제품,크림,5,14769,73845
2023-06-01,육류,닭고기,4,8838,35352
2023-06-01,유제품,버터,4,2845,11380
2023-06-01,과일,포도,3,11088,33264
2023-06-02,수산물,새우,3,15106,45318
2023-06-02,수산물,게,1,13931,13931
2023-06-02,수산물,참치,9,5242,47178
2023-06-02,채소,양파,10,3709,37090
2023-06-02,채소,시금치,8,18051,144408
2023-06-02,과일,딸기,4,12690,50760
2023-06-02,수산물,참치,1,2189,2189
2023-06-02,수산물,조개,9,13751,123759
2023-06-02,유제품,요거트,10,1071,10710
2023-06-02,유제품,요거트,9,11576,104184
2023-06-02,유제품,버터,3,5102,15306
2023-06-02,과일,오렌지,6,6969,41814
2023-06-02,수산물,참치,2,3289,6578
2023-06-02,유제품,우유,1,1765,1765
2023-06-02,수산물,게,5,3666,18330
2023-06-03,과일,오렌지,10,19565,195650
2023-06-03,유제품,우유,9,14873,133857
2023-06-03,과일,망고,7,1565,10955
2023-06-03,수산물,새우,4,8226,32904
2023-06-03,육류,닭고기,10,5311,53110
2023-06-03,과일,사과,7,7083,49581
2023-06-03,수산물,오징어,1,3580,3580
2023-06-03,유제품,크림,4,10553,42212
2023-06-03,유제품,버터,3,15635,46905
2023-06-03,채소,시금치,5,14817,74085
2023-06-03,육류,오리고기,4,2074,8296
2023-06-03,수산물,오징어,1,2986,2986
2023-06-04,채소,시금치,2,3176,6352
2023-06-04,유제품,크림,10,5608,56080
2023-06-04,유제품,치즈,5,7610,38050
2023-06-04,수산물,연어,1,14411,14411
2023-06-04,수산물,조개,10,11073,110730
2023-06-04,육류,소고기,2,19138,38276
2023-06-04,과일,키위,3,10686,32058
2023-06-04,수산물,연어,7,11516,80612
2023-06-04,수산물,새우,5,12545,62725
2023-06-04,과일,바나나,3,5695,17085
2023-06-04,유제품,우유,7,12324,86268
2023-06-04,유제품,우유,6,17312,103872
2023-06-04,유제품,버터,1,16856,16856
2023-06-04,육류,닭고기,6,2446,14676
2023-06-04,과일,사과,5,15021,75105
2023-06-04,과일,키위,1,17009,17009
2023-06-04,채소,양파,3,4770,14310
2023-06-04,채소,토마토,2,1598,3196
2023-06-04,수산물,조개,1,7391,7391
2023-06-05,유제품,크림,7,17279,120953
2023-06-05,수산물,조개,7,7429,52003
2023-06-05,육류,돼지고기,8,7452,59616
2023-06-05,과일,포도,1,5019,5019
2023-06-05,육류,돼지고기,5,7264,36320
2023-06-05,수산물,게,2,12136,24272
2023-06-05,육류,돼지고기,1,17911,17911
2023-06-05,수산물,조개,7,4319,30233
2023-06-05,채소,시금치,2,18182,36364
2023-06-05,육류,돼지고기,1,17105,17105
2023-06-05,과일,오렌지,3,14960,44880
2023-06-05,채소,당근,8,12085,96680
2023-06-05,수산물,새우,2,11720,23440
2023-06-05,채소,양파,2,18094,36188
2023-06-06,유제품,우유,6,17799,106794
2023-06-06,수산물,오징어,8,12236,97888
2023-06-06,과일,사과,9,18376,165384
2023-06-06,채소,당근,4,4816,19264
2023-06-06,채소,오이,6,3576,21456
2023-06-06,육류,소고기,6,3397,20382
2023-06-06,육류,닭고기,7,11546,80822
2023-06-06,채소,감자,8,15599,124792
2023-06-06,과일,망고,5,1632,8160
2023-06-06,과일,오렌지,4,19047,76188
2023-06-06,채소,상추,3,2054,6162
2023-06-06,수산물,오징어,8,9007,72056
2023-06-06,과일,키위,6,14939,89634
2023-06-06,육류,소고기,10,3239,32390
2023-06-07,유제품,버터,4,17480,69920
2023-06-07,유제품,크림,6,12528,75168
2023-06-07,과일,사과,1,12179,12179
2023-06-07,과일,포도,8,19321,154568
2023-06-07,수산물,새우,1,14824,14824
2023-06-07,육류,소고기,7,11756,82292
2023-06-07,유제품,요거트,1,16185,16185
2023-06-07,과일,오렌지,6,12708,76248
2023-06-07,유제품,요거트,9,11745,105705
2023-06-07,수산물,새우,2,18073,36146
2023-06-07,수산물,연어,2,14180,28360
2023-06-07,과일,망고,6,17006,102036
2023-06-07,유제품,크림,9,3597,32373
2023-06-08,유제품,버터,1,13004,13004
2023-06-08,유제품,우유,8,7312,58496
2023-06-08,유제품,치즈,1,10777,10777
2023-06-08,육류,소고기,9,6041,54369
2023-06-08,수산물,새우,4,18424,73696
2023-06-08,채소,상추,3,2677,8031
2023-06-08,유제품,요거트,7,18973,132811
2023-06-08,채소,양파,9,1694,15246
2023-06-08,수산물,조개,6,14055,84330
2023-06-08,과일,망고,6,7704,46224
2023-06-08,과일,딸기,2,9055,18110
2023-06-08,채소,오이,6,2868,17208
2023-06-08,유제품,우유,1,13043,13043
2023-06-08,육류,오리고기,9,1253,11277
2023-06-08,수산물,조개,1,5637,5637
2023-06-09,과일,오렌지,5,16247,81235
2023-06-09,수산물,조개,8,13714,109712
2023-06-09,채소,토마토,10,9606,96060
2023-06-09,과일,포도,5,4148,20740
2023-06-09,과일,망고,8,19594,156752
2023-06-09,유제품,크림,7,1849,12943
2023-06-09,유제품,치즈,1,13773,13773
2023-06-09,과일,포도,10,6851,68510
2023-06-09,과일,망고,3,5354,16062
2023-06-09,육류,닭고기,1,16082,16082
2023-06-09,유제품,크림,10,9911,99110
2023-06-09,육류,소고기,4,2100,8400
2023-06-09,과일,포도,5,18165,90825
2023-06-09,육류,양고기,3,10781,32343
2023-06-09,육류,닭고기,9,10268,92412
2023-06-09,수산물,게,7,10531,73717
2023-06-09,채소,시금치,5,12542,62710
2023-06-09,유제품,요거트,2,18713,37426
2023-06-10,과일,키위,2,15887,31774
2023-06-10,유제품,우유,7,14746,103222
2023-06-10,유제품,버터,8,16445,131560
2023-06-10,육류,닭고기,8,2160,17280
2023-06-10,채소,감자,6,6876,41256
2023-06-10,수산물,참치,3,2095,6285
2023-06-10,육류,오리고기,8,13510,108080
2023-06-10,유제품,요거트,9,2473,22257
2023-06-10,과일,딸기,2,10001,20002
2023-06-10,과일,딸기,9,4659,41931
2023-06-10,과일,딸기,9,11715,105435
2023-06-10,과일,바나나,6,11584,69504
2023-06-11,채소,토마토,8,2292,18336
2023-06-11,유제품,버터,9,9625,86625
2023-06-11,유제품,우유,7,1437,10059
2023-06-11,수산물,게,1,9988,9988
2023-06-11,수산물,참치,3,4574,13722
2023-06-11,채소,당근,5,17301,86505
2023-06-11,유제품,크림,10,17961,179610
2023-06-11,육류,소고기,8,19093,152744
2023-06-11,유제품,크림,5,18152,90760
2023-06-11,유제품,치즈,1,5355,5355
2023-06-11,채소,당근,4,9261,37044
2023-06-12,과일,딸기,7,17864,125048
2023-06-12,수산물,연어,10,3892,38920
2023-06-12,육류,오리고기,5,2883,14415
2023-06-12,육류,돼지고기,3,16257,48771
2023-06-12,과일,망고,1,9050,9050
2023-06-12,육류,돼지고기,1,2892,2892
2023-06-12,유제품,버터,2,4424,8848
2023-06-12,수산물,새우,2,5833,11666
2023-06-12,채소,상추,5,19402,97010
2023-06-12,육류,닭고기,9,11051,99459
2023-06-12,과일,딸기,2,8902,17804
2023-06-12,육류,오리고기,1,15210,15210
2023-06-12,수산물,게,1,19125,19125
2023-06-12,과일,키위,3,6369,19107
2023-06-12,수산물,새우,2,5023,10046
2023-06-13,채소,시금치,4,1232,4928
2023-06-13,육류,닭고기,5,1233,6165
2023-06-13,수산물,연어,7,18273,127911
2023-06-13,채소,오이,8,1427,11416
2023-06-13,과일,키위,10,8025,80250
2023-06-13,채소,토마토,9,15961,143649
2023-06-13,유제품,우유,8,14262,114096
2023-06-13,수산물,참치,4,5261,21044
2023-06-13,채소,당근,10,4088,40880
2023-06-13,육류,닭고기,6,3978,23868
2023-06-13,유제품,요거트,5,5975,29875
2023-06-13,과일,사과,7,11786,82502
2023-06-14,수산물,게,9,2995,26955
2023-06-14,수산물,오징어,3,8145,24435
2023-06-14,과일,오렌지,3,3102,9306
2023-06-14,수산물,오징어,1,17626,17626
2023-06-14,수산물,연어,7,16823,117761
2023-06-14,유제품,치즈,3,2550,7650
2023-06-14,과일,망고,1,14407,14407
2023-06-14,과일,포도,10,15166,151660
2023-06-14,수산물,새우,4,10696,42784
2023-06-14,육류,양고기,7,1080,7560
2023-06-14,육류,닭고기,1,16217,16217
2023-06-14,유제품,크림,8,12744,101952
2023-06-14,육류,양고기,5,2494,12470
2023-06-14,수산물,오징어,8,18285,146280
2023-06-14,과일,망고,3,11268,33804
2023-06-14,수산물,게,8,19582,156656
2023-06-15,과일,사과,1,10104,10104
2023-06-15,과일,딸기,10,18810,188100
2023-06-15,수산물,참치,4,18042,72168
2023-06-15,채소,시금치,8,9741,77928
2023-06-15,유제품,요거트,7,17861,125027
2023-06-15,유제품,요거트,7,14795,103565
2023-06-15,수산물,오징어,7,5931,41517
2023-06-15,수산물,오징어,5,5060,25300
2023-06-15,수산물,참치,3,19073,57219
2023-06-15,수산물,새우,3,6789,20367
2023-06-15,유제품,치즈,10,8942,89420
2023-06-15,수산물,연어,9,19248,173232
2023-06-15,수산물,연어,10,2461,24610
2023-06-15,수산물,조개,3,7554,22662
2023-06-15,육류,돼지고기,3,18671,56013
2023-06-15,수산물,연어,6,1660,9960
2023-06-15,육류,닭고기,2,12953,25906
2023-06-15,과일,바나나,2,4970,9940
2023-06-15,유제품,버터,7,15547,108829
2023-06-16,채소,감자,1,14465,14465
2023-06-16,과일,망고,8,5019,40152
2023-06-16,육류,오리고기,2,17158,34316
2023-06-16,유제품,요거트,9,15925,143325
2023-06-16,육류,소고기,4,3722,14888
2023-06-16,육류,돼지고기,6,19057,114342
2023-06-16,육류,오리고기,10,19050,190500
2023-06-16,육류,돼지고기,9,9252,83268
2023-06-16,수산물,게,2,11482,22964
2023-06-16,채소,양파,9,18342,165078
2023-06-16,수산물,게,3,17465,52395
2023-06-16,채소,당근,7,16551,115857
2023-06-16,채소,감자,10,2806,28060
2023-06-16,유제품,버터,1,15126,15126
2023-06-16,유제품,우유,8,16226,129808
2023-06-16,과일,오렌지,9,14880,133920
2023-06-16,육류,오리고기,1,10650,10650
2023-06-16,육류,오리고기,9,10691,96219
2023-06-17,육류,양고기,4,4044,16176
2023-06-17,과일,바나나,7,7192,50344
2023-06-17,과일,딸기,10,13118,131180
2023-06-17,채소,당근,2,18177,36354
2023-06-17,채소,오이,7,4937,34559
2023-06-17,육류,돼지고기,10,18500,185000
2023-06-17,과일,망고,1,5027,5027
2023-06-17,과일,바나나,4,10679,42716
2023-06-17,육류,닭고기,1,13150,13150
2023-06-17,채소,토마토,6,19325,115950
2023-06-17,수산물,오징어,6,7474,44844
2023-06-17,수산물,새우,4,1073,4292
2023-06-17,수산물,오징어,1,14273,14273
2023-06-17,채소,토마토,9,5931,53379
2023-06-17,육류,돼지고기,3,6113,18339
2023-06-17,육류,돼지고기,10,14556,145560
2023-06-18,채소,상추,10,9656,96560
2023-06-18,육류,닭고기,2,5262,10524
2023-06-18,과일,딸기,3,13175,39525
2023-06-18,과일,바나나,7,15986,111902
2023-06-18,과일,딸기,9,18821,169389
2023-06-18,수산물,새우,10,14665,146650
2023-06-18,과일,딸기,2,7629,15258
2023-06-18,수산물,게,5,14311,71555
2023-06-18,수산물,새우,4,15588,62352
2023-06-18,과일,포도,6,18818,112908
2023-06-18,채소,감자,10,19738,197380
2023-06-19,과일,포도,10,14751,147510
2023-06-19,유제품,우유,3,12260,36780
2023-06-19,육류,닭고기,8,11057,88456
2023-06-19,채소,토마토,6,19602,117612
2023-06-19,유제품,크림,3,2249,6747
2023-06-19,과일,망고,1,18629,18629
2023-06-19,유제품,치즈,1,5675,5675
2023-06-19,육류,돼지고기,10,11599,115990
2023-06-19,유제품,버터,9,2031,18279
2023-06-19,과일,오렌지,5,17152,85760
2023-06-19,과일,오렌지,3,10308,30924
2023-06-19,수산물,참치,8,18675,149400
2023-06-19,과일,망고,1,11172,11172
2023-06-19,채소,토마토,10,17158,171580
2023-06-19,육류,소고기,2,8972,17944
2023-06-19,채소,상추,10,15799,157990
2023-06-19,수산물,조개,8,15415,123320
2023-06-19,유제품,치즈,3,18572,55716
2023-06-19,수산물,참치,5,18753,93765
2023-06-20,과일,망고,9,6153,55377
2023-06-20,채소,토마토,7,8991,62937
2023-06-20,수산물,조개,1,6935,6935
2023-06-20,육류,돼지고기,3,5846,17538
2023-06-20,육류,오리고기,10,14628,146280
2023-06-20,채소,오이,6,3822,22932
2023-06-20,수산물,새우,1,8641,8641
2023-06-20,유제품,우유,10,9250,92500
2023-06-20,유제품,치즈,6,14491,86946
2023-06-20,수산물,연어,5,11298,56490
2023-06-21,육류,돼지고기,3,19033,57099
2023-06-21,채소,오이,6,11638,69828
2023-06-21,수산물,새우,5,19099,95495
2023-06-21,육류,양고기,2,12199,24398
2023-06-21,채소,양파,8,13807,110456
2023-06-21,수산물,게,10,5747,57470
2023-06-21,육류,닭고기,10,19891,198910
2023-06-21,육류,오리고기,9,8494,76446
2023-06-21,육류,돼지고기,7,10244,71708
2023-06-21,채소,오이,9,9521,85689
2023-06-21,유제품,우유,9,13012,117108
2023-06-21,과일,바나나,8,4718,37744
2023-06-21,유제품,요거트,3,16932,50796
2023-06-21,채소,감자,5,12721,63605
2023-06-22,채소,토마토,8,1036,8288
2023-06-22,수산물,오징어,10,16202,162020
2023-06-22,수산물,게,2,4880,9760
2023-06-22,수산물,참치,9,7333,65997
2023-06-22,수산물,오징어,1,13075,13075
2023-06-22,유제품,치즈,3,7850,23550
2023-06-22,채소,당근,2,12929,25858
2023-06-22,수산물,참치,2,3169,6338
2023-06-22,육류,닭고기,7,13888,97216
2023-06-22,유제품,요거트,4,14798,59192
2023-06-22,과일,키위,8,17455,139640
2023-06-22,과일,키위,5,10551,52755
2023-06-22,육류,오리고기,4,1039,4156
2023-06-23,수산물,게,5,19284,96420
2023-06-23,채소,감자,4,9775,39100
2023-06-23,유제품,우유,2,15676,31352
2023-06-23,과일,바나나,7,7516,52612
2023-06-23,과일,망고,6,17491,104946
2023-06-23,채소,토마토,5,2421,12105
2023-06-23,유제품,버터,9,16945,152505
2023-06-23,과일,딸기,6,3282,19692
2023-06-23,과일,포도,6,10919,65514
2023-06-23,과일,딸기,6,3260,19560
2023-06-23,육류,돼지고기,6,5443,32658
2023-06-23,과일,키위,7,7869,55083
2023-06-23,유제품,우유,4,3845,15380
2023-06-23,과일,망고,2,13386,26772
2023-06-23,채소,상추,2,13938,27876
2023-06-23,유제품,치즈,7,11482,80374
2023-06-24,수산물,조개,8,15706,125648
2023-06-24,육류,소고기,6,11411,68466
2023-06-24,육류,오리고기,9,18771,168939
2023-06-24,유제품,크림,6,2618,15708
2023-06-24,육류,닭고기,9,13026,117234
2023-06-24,육류,닭고기,8,12966,103728
2023-06-24,수산물,조개,6,6289,37734
2023-06-24,수산물,조개,10,9860,98600
2023-06-24,육류,오리고기,5,15294,76470
2023-06-24,육류,닭고기,1,18138,18138
2023-06-24,육류,닭고기,7,5923,41461
2023-06-25,육류,양고기,8,10066,80528
2023-06-25,과일,오렌지,5,14965,74825
2023-06-25,육류,돼지고기,6,1634,9804
2023-06-25,채소,토마토,8,18458,147664
2023-06-25,유제품,크림,1,4838,4838
2023-06-25,유제품,크림,8,12672,101376
2023-06-25,육류,오리고기,3,7783,23349
2023-06-25,유제품,버터,5,4688,23440
2023-06-25,육류,소고기,10,10916,109160
2023-06-25,육류,소고기,8,9640,77120
2023-06-25,채소,시금치,8,16536,132288
2023-06-25,유제품,크림,9,10271,92439
2023-06-25,과일,바나나,3,11895,35685
2023-06-25,수산물,조개,8,6813,54504
2023-06-25,유제품,크림,5,9422,47110
2023-06-25,유제품,치즈,6,5406,32436
2023-06-25,과일,딸기,2,7927,15854
2023-06-25,육류,양고기,8,4676,37408
2023-06-25,채소,상추,1,4065,4065
2023-06-26,수산물,게,9,17407,156663
2023-06-26,육류,오리고기,5,9680,48400
2023-06-26,채소,토마토,4,3419,13676
2023-06-26,수산물,연어,8,18140,145120
2023-06-26,수산물,게,1,19163,19163
2023-06-26,채소,토마토,8,10664,85312
2023-06-26,과일,오렌지,3,18502,55506
2023-06-26,채소,상추,6,1784,10704
2023-06-26,수산물,오징어,6,4196,25176
2023-06-26,과일,포도,3,5746,17238
2023-06-26,채소,시금치,5,16595,82975
2023-06-26,수산물,연어,5,14410,72050
2023-06-26,육류,오리고기,3,17957,53871
2023-06-26,수산물,조개,6,18862,113172
2023-06-27,채소,양파,4,19580,78320
2023-06-27,과일,망고,5,7050,35250
2023-06-27,과일,오렌지,9,9484,85356
2023-06-27,과일,바나나,4,3593,14372
2023-06-27,육류,소고기,8,10107,80856
2023-06-27,수산물,게,8,8971,71768
2023-06-27,육류,양고기,1,8444,8444
2023-06-27,채소,토마토,10,7718,77180
2023-06-27,육류,닭고기,7,17476,122332
2023-06-27,과일,포도,4,17702,70808
2023-06-27,과일,포도,9,16479,148311
2023-06-27,육류,닭고기,7,4956,34692
2023-06-27,채소,토마토,5,12210,61050
2023-06-27,과일,딸기,9,2525,22725
2023-06-27,육류,돼지고기,3,13529,40587
2023-06-27,수산물,게,5,15955,79775
2023-06-27,수산물,연어,4,16954,67816
2023-06-27,유제품,우유,4,1255,5020
2023-06-27,과일,사과,7,9598,67186
2023-06-28,과일,사과,5,7158,35790
2023-06-28,유제품,치즈,3,17997,53991
2023-06-28,육류,오리고기,5,8232,41160
2023-06-28,유제품,요거트,5,16774,83870
2023-06-28,채소,시금치,10,11567,115670
2023-06-28,육류,소고기,6,13686,82116
2023-06-28,유제품,우유,8,1329,10632
2023-06-28,육류,소고기,7,11164,78148
2023-06-28,과일,바나나,10,6703,67030
2023-06-28,육류,돼지고기,5,13672,68360
2023-06-28,육류,닭고기,9,3611,32499
2023-06-29,수산물,연어,10,15610,156100
2023-06-29,채소,상추,1,6247,6247
2023-06-29,수산물,게,3,11858,35574
2023-06-29,유제품,치즈,10,17494,174940
2023-06-29,채소,당근,8,8391,67128
2023-06-29,수산물,오징어,9,6239,56151
2023-06-29,수산물,연어,10,3196,31960
2023-06-29,유제품,버터,3,19105,57315
2023-06-29,육류,양고기,2,15497,30994
2023-06-29,과일,포도,4,11713,46852
2023-06-29,채소,오이,2,2058,4116
